Country,Year ,Precipitation ,River Flow,Soil Water,Surface Water,Terr Water Storage,Vegetation Avg,Water Bodies,Avg Temp,Water Stress,Population Growth,Freshwater Resources,GDP,Overall Water Withdrawals,Dom Wuthdrawls,Political Violence
Algeria,2001,52,22.998,0.1,,,0.11725,2099.032,24.18333,* 81.71,1.373291,358.971009,1776.949446,51.6330281,31.40793,155
Algeria,2002,61,20.755,0.103333,,-1,0.115583,1835.018,23.875,* 85.04,1.330395,354.226905,1751.911234,53.7352722,31.96875,210
Algeria,2003,99,23.075,0.1075,0.000121,2.333333,0.120667,2119.552,23.85833,* 87.52,1.329615,349.548223,1793.094603,55.3058189,32.48746,158
Algeria,2004,94,21.668,0.1075,0.000125,3,0.122333,2149.398,23.51667,* 90.01,1.39644,344.700914,2116.689481,56.8763657,32.96862,96
Algeria,2005,73,21.193,0.105833,8.03E-05,-6.5,0.120083,1926.585,23.88333,* 92.49,1.463309,339.6936,2627.289243,58.4469124,33.41618,78
Algeria,2006,89,21.278,0.1075,7.17E-05,-1.83333,0.121833,1886.113,23.85833,* 94.98,1.541274,334.498134,3134.549877,60.0174592,33.83353,179
Algeria,2007,72,20.138,0.103333,8.53E-05,-3.33333,0.1225,1928.625,23.75833,* 97.46,1.669072,328.961454,3504.085461,61.588006,34.22363,302
Algeria,2008,84,24.683,0.11,0.000146,-10.1667,0.121,1867.609,23.65,* 99.95,1.818853,323.032214,3980.902305,63.1585527,34.58906,196
Algeria,2009,120,27.712,0.110833,0.000228,-5.5,0.12875,2240.138,23.79167,* 102.44,1.915885,316.902197,4963.688298,64.7290995,34.9321,186
Algeria,2010,73,27.015,0.106667,0.000118,-16.25,0.12475,2286.637,24.96667,* 104.92,1.947059,310.791606,3916.429087,66.2996462,35.25474,107
Algeria,2011,88,24.943,0.105833,0.000106,-12.8333,0.124,2292.643,23.8,* 107.41,1.956894,304.768865,4520.890131,67.870193,35.55875,158
Algeria,2012,80,27.893,0.103333,9.75E-05,-23.1667,0.124583,2317.216,23.74167,* 109.75,1.992808,298.755523,5506.626665,69.3518272,35.8457,125
Algeria,2013,78,22.726,0.098333,0.000131,-33.9167,0.12425,2296.181,23.83333,* 115.16,2.019531,292.782578,5646.484896,72.7719985,34.77401,138
Algeria,2014,83,24.879,0.1,5.69E-05,-29,0.12175,2263.422,24.31667,* 120.58,2.037865,286.876447,5554.198569,76.1921698,33.78156,126
Algeria,2015,79,27.801,0.105,0.000102,-30.8333,0.122917,2370.877,23.93333,* 125.99,2.056248,281.03779,5548.44293,79.6123411,32.85987,78
Algeria,2016,70,28.076,0.100833,3.96E-05,-41.75,0.121083,2104.394,24.74167,* 129.87,2.055691,275.319498,4220.258672,82.0663288,33.97474,67
Algeria,2017,66,28.525,0.098333,3.83E-05,-40.4167,0.119417,2049.127,24.18333,* 137.92,2.032001,269.781461,3986.706593,87.1521295,34.41025,115
Algeria,2018,98,32.951,0.105833,2.95E-05,-42.25,0.123833,2184.694,24.20833,* 141.8,1.937806,264.603946,4151.367064,89.6031535,33.69498,60
Algeria,2019,78,29.895,0.098333,0.000047,-50.3333,0.123417,2365.589,24.04167,* 145.68,1.840413,259.77868,4183.245829,92.0541774,33.01366,14
Algeria,2020,56,28.075,0.095833,4.21E-05,-66.25,0.12175,2094.545,24.75,* 149.56,1.711912,255.369347,4027.759935,94.5052014,32.36393,35
Algeria,2021,53,27.672,0.095,2.96E-05,-70.8333,0.118667,1965.273,25.24167,* 140.59,1.619365,251.267289,3353.959469,88.8414688,30.91046,20
Algeria,2022,48,25.871,0.096667,2.10E-05,-86.3333,0.119083,1954.826,24.725,* 144.81,1.587582,247.309713,3691.14457,91.5088468,30.91871,22
Algeria,2023,49,24.153,0.091667,1.98E-05,-97.0833,0.117333,1902.087,24.91667,,1.498976,,4251.775339,,,17
Algeria,2024,55,30.289,0.0975,7.95E-05,-80.5,0.116583,1985.308,25.4,,1.398387,,,,,17
Algeria,2025,75,35.658,0.10025,0.000131,-88.25,0.118583,1842.053,24.79167,,,,,,,23
Angola,2001,1072,245.281,0.190833,,,0.560333,1851.162,21.525,* 1.73,3.353709,8837.29395,565.9090681,0.44152703,39.88922,301
Angola,2002,1128,237.814,0.189167,,-49.7778,0.563667,1945.158,21.75,* 1.77,3.407476,8541.23793,535.965076,0.45035135,41.31289,22
Angola,2003,1032,256.328,0.185,0.000618,-37.75,0.555583,4828.453,21.88333,* 1.8,3.493343,8248.01468,886.8954477,0.45917568,42.68185,2
Angola,2004,1038,265.828,0.185,0.000485,-18.8333,0.557083,5018.852,21.54167,* 1.84,3.594458,7956.80829,999.4267285,0.468,43.99919,5
Angola,2005,1023,240.883,0.183333,0.000385,-47.25,0.551083,5059.036,22.10833,* 1.87,3.646269,7671.90736,1277.119421,0.47682432,45.26778,2
Angola,2006,1110,251.9,0.196667,0.000457,-22.1667,0.565,4844.736,21.38333,* 1.87,3.684892,7394.35109,1935.786395,0.47682432,45.26778,3
Angola,2007,997,253.419,0.1825,0.000397,12.5,0.555083,4513.668,21.76667,* 1.87,3.74258,7122.72616,2646.214916,0.47682432,45.26778,13
Angola,2008,1048,236.848,0.1925,0.000429,31.25,0.563833,5139.521,21.64167,* 1.87,3.77829,6858.62951,3178.96117,0.47682432,45.26778,10
Angola,2009,985,245.273,0.194167,0.000351,46.33333,0.568083,5023.988,21.91667,* 1.87,3.801562,6602.78826,4156.226375,0.47682432,45.26778,11
Angola,2010,1100,258.682,0.194167,0.000688,84.08333,0.563083,5885.918,22.01667,* 1.87,3.851098,6353.34243,3180.123884,0.47682432,45.26778,8
Angola,2011,1124,250.447,0.196667,0.000769,128.5,0.567333,5881.903,21.53333,* 1.87,3.887946,6111.06817,3561.642643,0.47682432,45.26778,8
Angola,2012,940,253.44,0.18,0.000591,66.16667,0.552417,5704.044,21.81667,* 1.87,3.883584,5878.28907,4599.720044,0.47682432,45.26778,5
Angola,2013,963,255.608,0.175,0.000489,62.41667,0.547667,6104.418,22.05,* 1.87,3.849981,5656.27721,5067.484686,0.47682432,45.26778,10
Angola,2014,1011,273.625,0.184167,0.000659,51.16667,0.562583,5994.666,22.06667,* 1.87,3.732728,5449.0357,5218.013881,0.47682432,45.26778,3
Angola,2015,990,283.628,0.170833,0.000352,9.75,0.551583,5638.512,22.48333,* 1.87,3.605072,5256.09282,5182.441182,0.47682432,45.26778,5
Angola,2016,1068,280.746,0.179167,0.000531,29.41667,0.561583,5998.508,22.55833,* 1.87,3.576441,5071.43354,3181.218202,0.47682432,45.26778,31
Angola,2017,961,296.38,0.18,0.000393,30.75,0.563583,4400.706,22.31667,* 1.87,3.540612,4895.01532,1757.047348,0.47682432,45.26778,54
Angola,2018,1047,296.606,0.185833,0.000832,43.91667,0.566,5770.141,22.41667,* 1.87,3.453233,4728.86433,2351.320711,0.47682432,45.26778,27
Angola,2019,963,312.796,0.17,0.000365,-58.5,0.548083,5212.523,22.95,* 1.87,3.387884,4571.33933,2565.953864,0.47682432,45.26778,19
Angola,2020,1114,299.049,0.185833,0.000715,41.58333,0.567333,6575.294,22.30833,* 1.87,3.267959,4424.36447,2212.813313,0.47682432,45.26778,65
Angola,2021,892,286.198,0.18,0.000506,5.666667,0.5565,4988.533,22.24167,* 1.87,3.181323,4285.82652,1553.122075,0.47682432,45.26778,64
Angola,2022,970,301.797,0.1825,0.000604,-5.58333,0.555833,5685.593,21.95833,* 1.87,3.143026,4153.21677,1965.889701,0.47682432,45.26778,67
Angola,2023,1080,279.633,0.178333,0.000692,18.83333,0.5525,6563.323,22.45833,,3.080655,,3092.116409,,,66
Angola,2024,1031,287.689,0.1725,0.000429,9,0.5505,6217.608,22.675,,3.0442,,,,,42
Angola,2025,995,285.591,0.18625,0.000586,-8.5,0.564333,6390.99,22.025,,,,,,,53
Benin,2001,919,77.421,0.205,,,0.483833,201.0083,27.55,* 0.98,3.054355,1383.3681,520.2797161,1.26213592,31.53846,3
Benin,2002,1135,89.91,0.211667,,-60.1111,0.522833,205.0833,27.46667,* 0.98,3.040108,1341.94506,525.8341781,1.26213592,35.83934,0
Benin,2003,1038,90.263,0.214167,0.000383,-34.25,0.529917,202.69,27.65,* 0.98,3.049203,1301.64399,583.6043248,1.26213592,39.63178,1
Benin,2004,875,80.753,0.214167,0.00047,-21.9167,0.526917,202.5008,27.55,* 0.98,3.061731,1262.39506,722.0040663,1.26213592,43.00091,1
Benin,2005,914,72.521,0.211667,0.000234,-26.5833,0.5135,198.5508,27.875,* 0.98,3.220612,1222.38595,810.6792275,1.26213592,46.01386,0
Benin,2006,974,74.878,0.210833,0.000492,-55.75,0.515917,200.79,27.84167,* 0.98,3.120669,1184.8284,834.8289088,1.26213592,48.72428,0
Benin,2007,875,84.433,0.208333,0.000424,-12.8333,0.51725,201.3825,27.65833,* 0.98,2.955096,1150.32786,868.352844,1.26213592,51.17555,3
Benin,2008,974,80.45,0.21,0.000355,29.91667,0.514833,196.3758,27.48333,* 0.98,3.019594,1116.11182,979.8759425,1.26213592,53.40314,0
Benin,2009,999,83.829,0.214167,0.000414,52,0.519833,197.3233,27.9,* 0.98,2.999036,1083.13617,1141.225271,1.26213592,55.43634,1
Benin,2010,1035,93.585,0.214167,0.000494,82.25,0.520667,198.4467,28.16667,* 0.98,2.984242,1051.29031,1103.92337,1.26213592,57.29952,1
Benin,2011,781,81.711,0.205,0.000401,97.91667,0.512917,206.155,28,* 0.98,2.977822,1020.44628,1050.954864,1.26213592,59.01316,3
Benin,2012,1243,90.391,0.214167,0.000466,101.6667,0.51925,205.3192,27.60833,* 0.98,2.967665,990.607788,1145.985257,1.26213592,60.59456,1
Benin,2013,906,84.278,0.211667,0.000416,62.66667,0.519917,201.2658,27.84167,* 0.98,2.948852,961.822734,1161.069127,1.26213592,62.05847,1
Benin,2014,1079,84.064,0.21,0.000357,49.16667,0.519083,206.1233,27.8,* 0.98,2.955019,933.816524,1268.521898,1.26213592,63.4175,1
Benin,2015,961,67.387,0.199167,0.000385,25.91667,0.485833,203.3258,27.94167,* 0.98,2.953916,906.635791,1309.223435,1.26213592,64.68254,3
Benin,2016,1109,87.831,0.205,0.000562,20,0.503167,206.93,28.16667,* 0.98,2.924602,880.504284,1091.594905,1.26213592,62.76151,9
Benin,2017,947,99.368,0.201667,0.000402,51.33333,0.5075,206.1808,28.05833,* 0.98,2.881179,855.49736,1102.215164,1.26213592,61.96581,9
Benin,2018,1078,99.593,0.21,0.000487,88.25,0.513667,205.6333,27.80833,* 0.98,2.813642,831.762205,1152.090377,1.26213592,61.96581,25
Benin,2019,1155,103.453,0.2125,0.00103,136.8333,0.528083,204.9842,28.03333,* 0.98,2.735388,809.318636,1258.663929,1.26213592,61.96581,21
Benin,2020,942,100.268,0.203333,0.000457,149,0.51325,202.305,27.95833,* 0.98,2.662599,788.054079,1235.932826,1.26213592,61.96581,119
Benin,2021,807,76.014,0.199167,0.000425,145.5,0.497333,204.5983,28.43333,* 0.98,2.592302,767.887854,1308.323544,1.26213592,61.96581,102
Benin,2022,973,85.094,0.205833,0.000435,180.5,0.500667,201.9358,27.73333,* 0.98,2.547409,748.573658,1440.032731,1.26213592,61.96581,177
Benin,2023,922,71.635,0.2075,0.000533,219.5833,0.51725,201.54,28.38333,,2.522748,,1379.494048,,,291
Benin,2024,854,75.857,0.205833,0.000431,220.0833,0.51725,198.6792,28.46667,,2.461754,,,,,283
Benin,2025,891,81.355,0.204417,0.000229,163.0833,0.492167,194.4108,28.35833,,,,,,,177
Botswana,2001,515,,0.1525,,,0.348917,14627.59,22.175,* 2.03,2.057639,1401.6612,3557.917427,8.09545454,,0
Botswana,2002,265,,0.1275,,-7.88889,0.27975,14627.17,22.98333,* 2.03,1.88081,1375.54499,3308.723055,8.10757575,,0
Botswana,2003,271,,0.116667,0.002169,-36.8333,0.249917,14588.37,23.43333,* 2.04,1.759626,1351.55226,3218.683786,8.11969696,,0
Botswana,2004,418,,0.136667,0.002421,-14.9167,0.298833,14572.19,22.28333,* 2.04,1.753382,1328.06093,4368.128435,8.13181817,,2
Botswana,2005,350,,0.125,0.002368,-40.0833,0.281917,14548,23.4,* 2.04,1.794992,1304.43502,5118.421359,8.14393942,,1
Botswana,2006,554,,0.165,0.001921,55.25,0.347583,14615.32,21.51667,* 2.05,1.865177,1280.3305,5564.782216,8.15606063,,0
Botswana,2007,263,,0.125,0.003056,-24.1667,0.29125,14582.4,22.46667,* 2.05,1.938135,1255.75489,5457.148388,8.16818183,,1
Botswana,2008,392,,0.145833,0.001919,7.75,0.316833,14603.43,22.23333,* 2.05,2.008215,1230.78817,5694.041942,8.18030304,,1
Botswana,2009,453,,0.1575,0.003182,28.33333,0.329583,14604.52,21.96667,* 2.06,2.065878,1205.62242,5660.743791,8.19242425,,1
Botswana,2010,475,,0.155,0.003209,38.58333,0.337833,14592.06,22.55833,* 2.06,2.109436,1180.45695,5229.93223,8.20454546,,1
Botswana,2011,470,,0.150833,0.002505,52.75,0.326333,14605.16,21.86667,* 2.06,1.968775,1157.44369,6413.430423,8.21666667,,1
Botswana,2012,326,,0.1225,0.002683,12.5,0.294,14564.02,22.64167,* 2.03,1.67774,1138.18678,7550.14204,8.1,,0
Botswana,2013,336,,0.1125,0.002013,-4.91667,0.274583,14524.62,22.86667,* 2,1.509219,1121.13803,6859.266433,7.96458333,,1
Botswana,2014,543,,0.145,0.002984,53.25,0.341917,14520.71,22.01667,* 1.96,1.454419,1104.94999,6957.933939,7.82916667,,1
Botswana,2015,242,,0.115833,0.001855,-13,0.293333,14512.67,23.65833,* 1.96,1.427532,1089.28853,7452.978537,7.82916667,,1
Botswana,2016,371,,0.12,0.002975,-22.4167,0.291917,14534.81,23.575,* 2.1,1.419702,1073.93314,6428.523241,8.3875,,2
Botswana,2017,553,,0.15,0.003749,66.5,0.352417,14630.52,22.26667,* 2.02,1.420476,1058.786,7046.551775,8.04166667,,2
Botswana,2018,347,,0.125,0.003209,4.916667,0.308833,14464.52,23.11667,* 2.13,1.418981,1043.86812,7378.595169,8.5,,3
Botswana,2019,274,,0.11,0.001689,-51.6667,0.287417,15163.69,23.86667,* 2.11,1.422628,1029.12289,7638.420228,8.41666667,,1
Botswana,2020,438,,0.13,0.004016,-23.1667,0.324083,13225.61,22.525,* 2.31,1.43941,1014.41569,7338.857176,9.18448333,,12
Botswana,2021,539,,0.145,0.002644,78.91667,0.366583,13677.9,21.95,* 2.44,1.491301,999.399944,6426.808005,9.73422963,,6
Botswana,2022,425,,0.146667,0.001997,33.33333,0.364833,14274.54,22.26667,* 2.23,1.58848,983.650096,7892.065761,8.88565996,,7
Botswana,2023,289,,0.1175,0.002001,8.083333,0.307833,14719.73,23.325,,1.640317,,8404.986647,,,13
Botswana,2024,231,,0.1025,0.001529,-46,0.280917,13515.66,23.90833,,1.635384,,,,,3
Botswana,2025,606,,0.154833,0.002133,-36.6667,0.3855,10722.32,22.225,,,,,,,6
Burkina Faso,2001,681,7.938,0.17,,,0.32875,2236.448,28.38333,* 6.52,3.050994,1016.67336,259.3320906,5.456,40.51293,2
Burkina Faso,2002,624,8.771,0.170833,,-21.3333,0.322583,2163.175,28.55,* 6.85,3.090393,985.734684,270.8834332,5.728,41.97351,5
Burkina Faso,2003,850,10.437,0.1825,0.00019,-5.5,0.3455,2382.813,28.41667,* 7.17,3.118122,955.472534,298.8669866,6,43.35718,1
Burkina Faso,2004,503,8.793,0.173333,0.00027,-7.41667,0.335583,2302.863,28.61667,* 7.5,3.145126,925.88937,380.0109545,6.272,44.66986,3
Burkina Faso,2005,630,7.939,0.175,0.000153,-22.1667,0.333583,2143.178,28.78333,* 7.82,3.146801,897.207123,424.4664326,6.544,45.91687,0
Burkina Faso,2006,619,9.281,0.174167,0.000107,-39.5833,0.329,2147.192,28.54167,* 7.82,3.120345,869.64344,464.6519784,6.544,45.91687,6
Burkina Faso,2007,607,9.63,0.168333,0.000139,-8.41667,0.32825,2406.208,28.525,* 7.82,3.032776,843.665024,480.4660069,6.544,45.91687,0
Burkina Faso,2008,655,8.971,0.175,0.000195,19.41667,0.333917,2686.868,28.14167,* 7.82,2.938165,819.237371,543.0521816,6.544,45.91687,6
Burkina Faso,2009,685,8.94,0.176667,0.00012,24.08333,0.336917,2406.181,28.85,* 7.82,2.91916,795.668204,653.0809706,6.544,45.91687,0
Burkina Faso,2010,824,10.989,0.180833,0.000109,51.41667,0.340083,2252.547,29,* 7.82,2.925779,772.725963,633.5408155,6.544,45.91687,0
Burkina Faso,2011,545,11.19,0.1675,0.000145,49.66667,0.3335,1778.838,28.89167,* 7.82,2.956571,750.214201,657.5335915,6.544,45.91687,13
Burkina Faso,2012,831,9.583,0.176667,9.55E-05,56.75,0.337833,1906.492,28.45,* 7.82,3.017171,727.917021,762.3791747,6.544,45.91687,13
Burkina Faso,2013,625,11.132,0.173333,8.13E-05,60.33333,0.337583,1935.726,28.725,* 7.82,3.000836,706.397914,769.2967105,6.544,45.91687,8
Burkina Faso,2014,595,11.344,0.173333,6.28E-05,53.58333,0.33075,2028.224,28.79167,* 7.82,2.973379,685.703214,799.1104472,6.544,45.91687,22
Burkina Faso,2015,732,9.54,0.17,7.26E-05,53.16667,0.315667,2320.446,28.65833,* 7.82,2.961963,665.690782,804.4889822,6.544,45.91687,22
Burkina Faso,2016,681,10.479,0.170833,8.99E-05,64,0.330083,2560.141,28.93333,* 7.82,2.925083,646.500807,662.8483179,6.544,45.91687,41
Burkina Faso,2017,707,12.501,0.169167,8.44E-05,71.5,0.333917,2257.74,28.74167,* 7.82,2.852916,628.317295,698.2263357,6.544,45.91687,97
Burkina Faso,2018,777,11.703,0.173333,0.000157,73,0.324,2132.219,28.79167,* 7.82,2.697137,611.597214,745.5303776,6.544,45.91687,233
Burkina Faso,2019,732,10.653,0.170833,0.000264,99.08333,0.332667,2450.884,28.85833,* 7.82,2.529898,596.318511,815.9361164,6.544,45.91687,634
Burkina Faso,2020,789,10.741,0.17,0.000338,115.8333,0.330417,2841.717,28.8,* 7.82,2.43523,581.972178,807.3431697,6.544,45.91687,666
Burkina Faso,2021,550,7.881,0.161667,0.000319,124.6667,0.3355,2655.733,29.21667,* 7.82,2.376492,568.304701,869.9755414,6.544,45.91687,1339
Burkina Faso,2022,731,12.246,0.175,0.000341,146.75,0.343417,2983.842,28.40833,* 7.82,2.309071,555.332485,930.2067449,6.544,45.91687,1652
Burkina Faso,2023,612,9.277,0.170833,0.000376,157.5833,0.351417,3411.483,29.19167,,2.269737,,864.6461399,,,1716
Burkina Faso,2024,778,9.697,0.175,0.00038,172.75,0.348167,3431.148,29.1,,2.245977,,,,,1318
Burkina Faso,2025,625,9.908,0.175083,0.000456,224.5833,0.358,3051.555,29.03333,,,,,,,1370
Burundi,2001,1153,,0.283333,,,0.59375,,19.6,* 10.42,2.505687,1516.34708,137.6631035,2.8471173,16.69576,601
Burundi,2002,1115,,0.2775,,81.44444,0.562,,20.075,* 10.37,2.820219,1474.18016,135.8779489,2.83141153,16.3741,434
Burundi,2003,840,,0.273333,0.070341,57.33333,0.578917,,20.33333,* 10.31,3.159093,1428.33736,124.7655181,2.81570577,16.04886,217
Burundi,2004,1038,,0.271667,0.070738,4.416667,0.554167,,20.21667,* 10.25,3.727693,1376.0735,115.2635326,2.8,15.71997,75
Burundi,2005,974,,0.269167,0.069656,-50.0833,0.554333,,20.56667,* 10.19,3.714266,1325.90003,130.3593722,2.78429423,15.38736,71
Burundi,2006,1242,,0.279167,0.067849,-85,0.5485,,20.11667,* 10.19,3.601642,1278.9956,154.1009081,2.78429423,15.38736,106
Burundi,2007,1080,,0.285833,0.068974,65.41667,0.579667,,20.14167,* 10.19,3.698172,1232.56007,170.0701501,2.78429423,15.38736,28
Burundi,2008,1007,,0.28,0.066867,38.66667,0.565833,,19.95833,* 10.19,4.125532,1182.74504,175.3082777,2.78429423,15.38736,77
Burundi,2009,1087,,0.28,0.068473,28.16667,0.560583,,20.31667,* 10.19,5.066136,1124.31806,201.6083602,2.78429423,15.38736,67
Burundi,2010,1174,,0.274167,0.065169,71.16667,0.560667,,20.70833,* 10.19,4.681011,1072.90141,215.5942843,2.78429423,15.38736,95
Burundi,2011,1278,,0.285833,0.069076,44.58333,0.57525,,20.05,* 10.19,3.577699,1035.19477,238.0169252,2.78429423,15.38736,25
Burundi,2012,1212,,0.283333,0.070076,103.9167,0.567,,20.10833,* 10.19,3.568521,998.904978,253.547087,2.78429423,15.38736,13
Burundi,2013,1166,,0.2775,0.066706,136.5,0.5615,,20.35,* 10.19,3.591867,963.662361,256.3270547,2.78429423,15.38736,10
Burundi,2014,1107,,0.28,0.066391,139.1667,0.563417,,20.475,* 10.19,3.394477,931.500025,260.9659067,2.78429423,15.38736,55
Burundi,2015,1149,,0.2825,0.064743,139.6667,0.566,,20.675,* 10.19,2.268517,910.606667,279.1323149,2.78429423,15.38736,970
Burundi,2016,1124,,0.269167,0.059084,190.8333,0.5545,,20.95,* 10.19,1.72186,895.061511,310.2928381,2.78429423,15.38736,875
Burundi,2017,1090,,0.273333,0.060339,86.83333,0.555583,,20.74167,* 10.19,2.350486,874.268539,256.1268575,2.78429423,15.38736,703
Burundi,2018,1365,,0.284167,0.067028,213.75,0.567083,,20.35833,* 10.19,3.018982,848.268966,255.5223539,2.78429423,15.38736,810
Burundi,2019,1260,,0.285,0.06548,164.8333,0.583083,,20.73333,* 10.19,3.283675,820.866927,242.4132383,2.78429423,15.38736,663
Burundi,2020,1326,,0.288333,0.063534,393.5833,0.580833,,20.975,* 10.19,2.908653,797.334651,226.917341,2.78429423,15.38736,545
Burundi,2021,1199,,0.283333,0.060476,404.5833,0.57525,,20.69167,* 10.19,2.724255,775.906424,226.242871,2.78429423,15.38736,562
Burundi,2022,1243,,0.281667,0.067194,336.5,0.551333,,20.63333,* 10.19,2.70585,755.19306,229.3755819,2.78429423,15.38736,366
Burundi,2023,1363,,0.285833,0.06923,389.0833,0.563083,,20.96667,,2.727644,,245.7865787,,,274
Burundi,2024,1372,,0.2825,0.05787,487.9167,0.555917,,21.39167,,2.583934,,,,,294
Burundi,2025,1044,,0.284917,0.066023,554.0833,0.579417,,20.89167,,,,,,,229
Cabo Verde (Cape Verde),2001,127,,,,,0.196417,,23.30833,* 7.18,1.527158,651.758771,1270.749444,7.18333333,6.88172,
Cabo Verde (Cape Verde),2002,97,,,,,0.213583,,23.13333,* 8.53,1.456451,642.335016,1303.540729,8.53420867,31.10037,
Cabo Verde (Cape Verde),2003,170,,,0.02779,,0.184167,,23.28333,* 9.89,1.347703,633.736319,1412.304739,9.885084,43.9967,
Cabo Verde (Cape Verde),2004,146,,,0.026547,,0.192667,,23.33333,* 11.24,1.256796,625.821391,1821.538492,11.2359593,52.00624,
Cabo Verde (Cape Verde),2005,165,,,0.024896,,0.211333,,23.68333,* 13.6,1.191323,618.410068,2040.5039,13.6040343,54.85181,
Cabo Verde (Cape Verde),2006,165,,,0.025119,,0.199167,,23.5,* 15.97,1.150403,611.336626,2114.244513,15.9721093,56.75875,
Cabo Verde (Cape Verde),2007,119,,,0.025508,,0.178,,23.00833,* 18.34,1.106892,604.607106,2376.110122,18.3401843,58.12571,
Cabo Verde (Cape Verde),2008,208,,,0.026974,,0.193417,,23.23333,* 20.71,1.035552,598.378395,3493.90277,20.708259,59.15362,
Cabo Verde (Cape Verde),2009,287,,,0.025267,,0.22775,,22.96667,* 23.08,0.950085,592.72021,4099.864955,23.076334,59.95469,
Cabo Verde (Cape Verde),2010,359,,,0.027104,,0.265667,,24.075,* 25.44,0.717182,588.484535,3828.877964,25.444409,60.59655,
Cabo Verde (Cape Verde),2011,162,,,0.025796,,0.244,,23.45,* 27.81,0.325686,586.571043,3726.416149,27.812484,61.12238,
Cabo Verde (Cape Verde),2012,222,,,0.023635,,0.240417,,23.08333,* 30.18,0.099277,585.989003,4128.505306,30.180559,61.56103,
Cabo Verde (Cape Verde),2013,293,,,0.025814,,0.261,,23.14167,* 32.55,0.052725,585.680121,3810.410177,32.5486337,61.93252,
Cabo Verde (Cape Verde),2014,121,,,0.0251,,0.222,,22.74167,* 34.92,0.019716,585.56466,3989.858579,34.9167087,62.25117,
Cabo Verde (Cape Verde),2015,259,,,0.024377,,0.223167,,22.85833,* 37.28,0.013272,585.486949,3964.643423,37.2847837,62.52752,
Cabo Verde (Cape Verde),2016,304,,,0.026074,,0.253667,,23.275,* 39.65,0.031221,585.304183,3355.206512,39.6528587,62.76946,
Cabo Verde (Cape Verde),2017,63,,,0.023746,,0.210583,,23.45833,* 42.02,0.066118,584.917322,3503.675475,42.0209333,62.98305,
Cabo Verde (Cape Verde),2018,99,,,0.026362,,0.188833,,22.40833,* 44.39,0.101724,584.322624,3736.795156,44.3890083,63.17298,
Cabo Verde (Cape Verde),2019,108,,,0.022253,,0.186167,,22.91667,* 48.96,0.134109,583.539517,4078.555367,48.95751,63.34299,
Cabo Verde (Cape Verde),2020,228,,,0.026723,,0.224333,,23.55833,* 68.94,0.111783,582.887586,4144.918304,68.9437367,59.56577,
Cabo Verde (Cape Verde),2021,122,,,0.02369,,0.2115,,23.16667,* 57.18,0.382032,580.665016,3396.652154,57.1775067,55.2739,
Cabo Verde (Cape Verde),2022,168,,,0.026185,,0.2265,,23.36667,* 59.68,0.596688,577.210572,3738.083431,59.68371,58.88919,
Cabo Verde (Cape Verde),2023,206,,,0.02318,,0.2355,,24.14167,,0.497088,,4087.962236,,,
Cabo Verde (Cape Verde),2024,218,,,0.021055,,0.260083,,23.95833,,0.486246,,,,,
Cabo Verde (Cape Verde),2025,169,,,0.018828,,0.24925,,23.25833,,,,,,,
Cameroon,2001,1498,541.816,0.225833,,,7.621,8298.044,24.41667,* 1.42,2.626433,17832.0767,689.9781496,0.3629304,17.9895,2
Cameroon,2002,1528,511.926,0.220833,,28.22222,7.835,7973.025,24.625,* 1.46,2.681248,17360.3074,696.6478018,0.37186813,19.24547,1
Cameroon,2003,1512,550.884,0.220833,0.002448,-3.33333,7.993,8436.553,24.85,* 1.49,2.727471,16893.2089,769.107261,0.38080586,20.44248,4
Cameroon,2004,1531,538.209,0.219167,0.003749,-23.8333,7.889,8416.344,24.80833,* 1.53,2.747415,16435.4001,963.1661663,0.38974359,21.58459,4
Cameroon,2005,1427,512.127,0.2225,0.002732,-15.25,7.967,8972.515,25.09167,* 1.56,2.755738,15988.6671,1105.386028,0.39868132,22.67549,16
Cameroon,2006,1381,492.028,0.225,0.002984,-2.66667,8.054,8581.291,24.96667,* 1.56,2.748551,15555.1948,1114.95618,0.39868132,22.67549,5
Cameroon,2007,1576,530.53,0.2225,0.002713,-4.41667,8.025,8441.746,24.80833,* 1.56,2.806278,15124.7409,1162.951347,0.39868132,22.67549,18
Cameroon,2008,1465,552.496,0.221667,0.002984,12.41667,8.012,9057.752,24.69167,* 1.56,2.862585,14697.9206,1294.88447,0.39868132,22.67549,14
Cameroon,2009,1516,530.905,0.223333,0.003108,8.583333,8.027,8732.168,25.1,* 1.56,2.865392,14282.7441,1459.236517,0.39868132,22.67549,14
Cameroon,2010,1465,572.338,0.2275,0.003142,13.08333,8.047,8740.934,25.4,* 1.56,2.857661,13880.3683,1430.735355,0.39868132,22.67549,10
Cameroon,2011,1447,603.209,0.2175,0.002703,0.333333,8.053,8538.998,24.85,* 1.56,2.828423,13493.2729,1370.725248,0.39868132,22.67549,11
Cameroon,2012,1517,575.666,0.225,0.003675,-0.5,8.095,8095.889,24.80833,* 1.56,2.813047,13118.9899,1485.053188,0.39868132,22.67549,4
Cameroon,2013,1533,552.276,0.22,0.003402,25.83333,8.174,8427.093,24.96667,* 1.56,2.809094,12755.5931,1422.582329,0.39868132,22.67549,25
Cameroon,2014,1606,530.516,0.221667,0.0029,41.58333,8.199,8404.369,24.925,* 1.56,3.025922,12375.4,1548.340955,0.39868132,22.67549,104
Cameroon,2015,1466,623.058,0.215,0.003323,27.83333,8.022,8344.122,25.06667,* 1.56,3.139343,11992.9287,1625.701258,0.39868132,22.67549,104
Cameroon,2016,1623,632.279,0.220833,0.003579,34,7.999,9148.237,25.28333,* 1.56,2.989332,11639.7257,1400.892712,0.39868132,22.67549,237
Cameroon,2017,1534,612.718,0.214167,0.003603,30.41667,8.078,9010.42,25.25,* 1.56,2.834998,11314.3733,1431.950568,0.39868132,22.67549,341
Cameroon,2018,1486,573.739,0.220833,0.00335,30.66667,8.151,9068.236,25.15,* 1.56,2.77031,11005.232,1488.665073,0.39868132,22.67549,682
Cameroon,2019,1709,529.338,0.229167,0.002962,55.91667,8.283,9198.375,25.325,* 1.56,2.781644,10703.324,1605.772563,0.39868132,22.67549,718
Cameroon,2020,1486,546.362,0.223333,0.00275,77.16667,8.212,8904.437,25.44167,* 1.56,2.724486,10415.6501,1552.738619,0.39868132,22.67549,1172
Cameroon,2021,1473,666.63,0.216667,0.002928,59.41667,8.264,7729.439,25.4,* 1.56,2.654961,10142.7573,1555.461458,0.39868132,22.67549,1173
Cameroon,2022,1444,629.698,0.225833,0.008123,80.5,8.101,8876.794,25.04167,* 1.56,2.629051,9879.57379,1687.312729,0.39868132,22.67549,1609
Cameroon,2023,1550,697.431,0.229167,0.003246,101,8.432,9469.059,25.48333,,2.642453,,1609.862482,,,2718
Cameroon,2024,1330,758.87,0.226667,0.003508,108.1667,8.396,9044.488,25.81667,,2.612683,,,,,3019
Cameroon,2025,1476,778.912,0.225833,0.002639,85.75,8.249,8082.066,25.50833,,,,,,,3456
Central African Republic,2001,1171,929.586,0.236667,,,0.635083,,24.875,* 0.31,2.220447,35974.0956,254.6996225,0.04784397,82.80462,35
Central African Republic,2002,1195,808.835,0.236667,,15.22222,0.652917,,25.14167,* 0.32,2.185168,35196.5277,253.3301439,0.04873759,82.82887,54
Central African Republic,2003,1247,848.408,0.235833,0.000212,21.91667,0.666083,,25.38333,* 0.32,2.392692,34364.3784,264.7426154,0.04963121,82.85224,59
Central African Republic,2004,1186,771.863,0.2325,0.000178,-8.25,0.657417,,25.41667,* 0.33,2.16356,33628.8699,297.3245378,0.05052482,82.87479,20
Central African Republic,2005,1230,836.316,0.2325,0.000193,-3.16667,0.663917,,25.63333,* 0.34,2.263434,32876.2524,324.519758,0.05141844,82.89655,16
Central African Republic,2006,1224,808.572,0.236667,0.000195,-9.66667,0.671167,,25.34167,* 0.34,2.048653,32209.5843,334.5192568,0.05141844,82.89655,48
Central African Republic,2007,1234,789.594,0.2325,0.000211,-8.08333,0.66875,,25.2,* 0.34,1.927382,31594.727,358.4259039,0.05141844,82.89655,94
Central African Republic,2008,1124,880.563,0.233333,0.000213,25.5,0.667667,,25.05833,* 0.34,2.133014,30927.9436,408.7688471,0.05141844,82.89655,82
Central African Republic,2009,1193,823.861,0.235833,0.000209,-17.6667,0.668917,,25.51667,* 0.34,-0.65882,31132.3773,470.5993181,0.05141844,82.89655,95
Central African Republic,2010,1296,829.713,0.235833,0.000209,-6.58333,0.670583,,25.56667,* 0.34,-0.7992,31382.1849,480.1432648,0.05141844,82.89655,156
Central African Republic,2011,1082,898.692,0.225833,0.000169,-53.8333,0.671083,,25.05833,* 0.34,1.59036,30887.043,491.1501706,0.05141844,82.89655,54
Central African Republic,2012,1175,808.148,0.226667,0.000217,-63.1667,0.674583,,25.11667,* 0.34,0.998867,30580.0582,553.7304519,0.05141844,82.89655,105
Central African Republic,2013,1100,912.955,0.225,0.00023,-18.25,0.681167,,25.55,* 0.34,0.682378,30372.097,566.9304477,0.05141844,82.89655,404
Central African Republic,2014,1129,906.109,0.234167,0.000272,14.75,0.68325,,25.53333,* 0.34,-0.41524,30498.4749,380.7875807,0.05141844,82.89655,867
Central African Republic,2015,1052,895.415,0.218333,0.000229,-18.9167,0.6685,,25.75,* 0.34,0.132678,30458.037,425.2154933,0.05141844,82.89655,251
Central African Republic,2016,1169,865.803,0.219167,0.000211,-30.5,0.666583,,25.96667,* 0.34,1.805532,29913.0422,378.6347907,0.05141844,82.89655,227
Central African Republic,2017,1126,863.133,0.218333,0.000178,-20.8333,0.673167,,25.925,* 0.34,1.679782,29414.7651,404.1630695,0.05141844,82.89655,357
Central African Republic,2018,1048,857.954,0.221667,0.000157,-20.5833,0.67925,,25.70833,* 0.34,1.760685,28901.3964,453.7569027,0.05141844,82.89655,469
Central African Republic,2019,1144,933.879,0.2275,0.00023,-14.4167,0.69025,,26.025,* 0.34,1.344693,28515.3628,479.5390044,0.05141844,82.89655,192
Central African Republic,2020,1057,890.908,0.224167,0.000225,17.58333,0.684333,,26.09167,* 0.34,1.643248,28050.6137,472.0046065,0.05141844,82.89655,372
Central African Republic,2021,960,911.737,0.2275,0.000211,12.25,0.688667,,26.25,* 0.34,1.68609,27581.6201,485.9785376,0.05141844,82.89655,670
Central African Republic,2022,1036,818.047,0.2275,0.000243,42.16667,0.675083,,25.9,* 0.34,-0.27543,27657.6935,515.5686701,0.05141844,82.89655,276
Central African Republic,2023,1014,924.574,0.234167,0.000331,73.08333,0.702667,,26.225,,1.061075,,478.8080204,,,317
Central African Republic,2024,969,"1,090.24",0.226667,0.000363,74.58333,0.699667,,26.7,,3.401398,,,,,395
Central African Republic,2025,953,940.953,0.22275,0.000246,16.91667,0.687417,,26.15,,,,,,,608
Chad,2001,291,186.223,0.121667,,,0.206417,4663.827,27.13333,* 4.01,3.373239,1703.74702,169.2182862,5.46888889,11.15888,10
Chad,2002,249,150.828,0.113333,,21.88889,0.205333,3448.67,27.325,* 4.21,3.483192,1645.42388,200.8462113,5.7424,10.98031,15
Chad,2003,321,146.964,0.116667,0.000744,10,0.21,3870.434,27.48333,* 4.24,3.995807,1580.97218,225.6493429,5.78293333,11.2538,17
Chad,2004,248,147.978,0.114167,0.000797,-11.9167,0.2065,3115.945,27.50833,* 4.27,4.454631,1512.09129,298.196023,5.82346667,11.52349,45
Chad,2005,325,178.998,0.118333,0.00074,-4.75,0.209917,3160.457,27.88333,* 4.29,4.031101,1452.34957,462.8682524,5.864,11.78945,30
Chad,2006,251,174.035,0.114167,0.000801,-6.08333,0.206417,3675.876,27.76667,* 4.29,3.597637,1401.02802,670.483496,5.864,11.78945,110
Chad,2007,256,215.086,0.118333,0.000766,3,0.209083,3059.15,27.64167,* 4.29,3.444755,1353.58782,722.7518421,5.864,11.78945,102
Chad,2008,270,251.861,0.116667,0.00079,8.833333,0.209917,3617.377,27.20833,* 4.29,3.49922,1307.04192,813.0546998,5.864,11.78945,72
Chad,2009,258,222.722,0.111667,0.000782,-8.16667,0.2025,3435.559,28.20833,* 4.29,3.57297,1261.16615,944.7386112,5.864,11.78945,22
Chad,2010,319,308.097,0.1225,0.000741,8.583333,0.210417,3907.798,28.54167,* 4.29,3.460771,1218.26669,816.8812926,5.864,11.78945,8
Chad,2011,242,282.649,0.11,0.000774,2.5,0.207583,3820.751,27.625,* 4.29,3.530202,1176.00968,907.3253349,5.864,11.78945,6
Chad,2012,301,301.359,0.12,0.000755,3.833333,0.2175,4168.003,27.725,* 4.29,3.512655,1135.41763,1001.157146,5.864,11.78945,7
Chad,2013,245,268.518,0.111667,0.000785,17.08333,0.211,3914.986,28.23333,* 4.29,3.569479,1095.60393,983.5643516,5.864,11.78945,2
Chad,2014,254,315.998,0.114167,0.000726,18.16667,0.207583,3697.547,28.00833,* 4.29,3.569987,1057.18094,996.0900769,5.864,11.78945,10
Chad,2015,208,240.148,0.108333,0.000697,14.16667,0.202667,3133.542,27.81667,* 4.29,3.183361,1024.05708,1036.964811,5.864,11.78945,31
Chad,2016,277,271.435,0.111667,0.000691,3.916667,0.207917,3775.99,28.16667,* 4.29,3.138687,992.414316,788.4159748,5.864,11.78945,13
Chad,2017,252,296.946,0.11,0.000648,6.083333,0.206333,4171.033,27.94167,* 4.29,3.306396,960.137707,704.2891508,5.864,11.78945,22
Chad,2018,296,280.645,0.114167,0.000669,12,0.211417,4378.524,28.25,* 4.29,3.35956,928.417121,676.1098167,5.864,11.78945,56
Chad,2019,330,325.969,0.118333,0.000721,24.83333,0.2155,5020.713,28.04167,* 4.29,3.219911,898.999072,737.0362764,5.864,11.78945,134
Chad,2020,245,303.069,0.1225,0.000773,64.91667,0.218917,5150.517,27.93333,* 4.29,3.18197,870.843515,720.0447574,5.864,11.78945,118
Chad,2021,197,288.394,0.1175,0.000847,63.66667,0.215917,4234.488,28.175,* 4.29,3.444239,841.360237,661.9476487,5.864,11.78945,137
Chad,2022,248,402.908,0.121667,0.00098,80.75,0.218417,4379.343,27.55,* 4.29,3.456689,812.773945,704.4518155,5.864,11.78945,132
Chad,2023,182,356.639,0.1175,0.000971,106.6667,0.221,4748.8,28.68333,,4.573992,,735.4337663,,,111
Chad,2024,405,367.469,0.1275,0.001238,152.75,0.224583,5021.183,28.30833,,4.94853,,,,,119
Chad,2025,197,387.988,0.113417,0.001458,258.1667,0.221417,4814.036,28.39167,,,,,,,165
Comoros,2001,1366,,,,,0.687667,,25.33333,* 0.83,,2192.90231,655.5434036,0.83333333,48,
Comoros,2002,1843,,,,,0.708417,,25.425,* 0.83,,2146.98626,689.2287513,0.83333333,48,
Comoros,2003,1432,,,0.024031,,0.702417,,25.53333,* 0.83,,2106.0095,756.9435447,0.83333333,48,
Comoros,2004,1841,,,0.027926,,0.707667,,25.31667,* 0.83,,2066.45727,948.7896891,0.83333333,48,
Comoros,2005,1463,,,0.028725,,0.688,,25.44167,* 0.83,,2024.71161,1073.605039,0.83333333,48,
Comoros,2006,2185,,,0.030255,,0.704917,,25.33333,* 0.83,,1984.28119,1081.652987,0.83333333,48,
Comoros,2007,1343,,,0.029804,,0.708417,,25.64167,* 0.83,,1945.12479,1128.164207,0.83333333,48,
Comoros,2008,1836,,,0.028353,,0.690833,,25.11667,* 0.83,,1906.85945,1254.830801,0.83333333,48,
Comoros,2009,1431,,,0.029438,,0.699833,,25.525,* 0.83,,1869.3132,1409.860236,0.83333333,48,
Comoros,2010,1355,,,0.02489,,0.705083,,25.75,* 0.83,,1832.5199,1360.791177,0.83333333,48,
Comoros,2011,1617,,,0.026305,,0.712333,,25.49167,* 0.83,,1796.2566,1332.243741,0.83333333,48,
Comoros,2012,1832,,,0.029657,,0.713,,25.40833,* 0.83,,1760.48589,1465.307191,0.83333333,48,
Comoros,2013,1667,,,0.029115,,0.707667,,25.49167,* 0.83,,1723.66244,1420.225805,0.83333333,48,
Comoros,2014,1589,,,0.027353,,0.699083,,25.63333,* 0.83,,1686.57054,1523.312659,0.83333333,48,
Comoros,2015,1674,,,0.026433,,0.693917,,25.78333,* 0.83,,1651.3413,1531.713389,0.83333333,48,
Comoros,2016,2091,,,0.026152,,0.711583,,25.59167,* 0.83,,1617.81538,1257.053925,0.83333333,48,
Comoros,2017,1761,,,0.027505,,0.709583,,25.74167,* 0.83,,1585.89819,1287.667523,0.83333333,48,
Comoros,2018,1674,,,0.027573,,0.70875,,25.56667,* 0.83,,1555.23011,1338.735487,0.83333333,48,
Comoros,2019,1884,,,0.030602,,0.704833,,25.975,* 0.83,,1525.59568,1444.148985,0.83333333,48,
Comoros,2020,1666,,,0.029737,,0.719583,,25.80833,* 0.83,,1495.95531,1419.797633,0.83333333,48,8
Comoros,2021,1471,,,0.026384,,0.71175,,25.575,* 0.83,,1466.68068,1423.97738,0.83333333,48,7
Comoros,2022,1509,,,0.02642,,0.706833,,25.33333,* 0.83,,1438.52465,1471.040303,0.83333333,48,12
Comoros,2023,1320,,,0.031389,,0.695083,,26.03333,,,,1376.984719,,,12
Comoros,2024,2433,,,0.036826,,0.7135,,26.175,,,,,,,10
Comoros,2025,1218,,,0.034699,,0.723917,,26.00833,,,,,,,11
Democratic Republic of the Congo,2001,1442,"12,838.56",0.280833,,,0.716917,19016261,23.675,* 0.19,3.167066,17263.6547,410.3547398,0.06711111,66.95695,
Democratic Republic of the Congo,2002,1479,"12,686.00",0.284167,,21.88889,0.727917,19015667,23.90833,* 0.2,3.056206,16744.0228,155.6998425,0.06932222,67.24475,
Democratic Republic of the Congo,2003,1382,"12,967.03",0.281667,0.013734,35.91667,0.72675,19013590,23.99167,* 0.21,2.921243,16261.9645,177.5578295,0.07153333,67.51476,
Democratic Republic of the Congo,2004,1413,"12,155.40",0.278333,0.013916,-7.83333,0.726417,19011281,24.01667,* 0.21,2.944579,15790.0995,176.4399357,0.07374444,67.76857,
Democratic Republic of the Congo,2005,1437,"12,356.70",0.278333,0.013593,-31.8333,0.7195,19012736,24.26667,* 0.22,3.071728,15312.4443,197.0745512,0.07595556,68.00761,
Democratic Republic of the Congo,2006,1539,"12,332.86",0.2825,0.013957,-37.5833,0.724583,19010482,23.925,* 0.23,3.082845,14847.5875,221.8338579,0.07595556,68.00761,
Democratic Republic of the Congo,2007,1444,"12,660.82",0.286667,0.013879,21.08333,0.726833,19014354,24,* 0.23,3.025316,14405.1278,259.5093243,0.07595556,68.00761,
Democratic Republic of the Congo,2008,1415,"12,660.69",0.28,0.013909,27.41667,0.721083,19014129,23.93333,* 0.23,3.015813,13977.1815,290.9602162,0.07595556,68.00761,
Democratic Republic of the Congo,2009,1465,"12,447.71",0.284167,0.013752,26.33333,0.72525,19016413,24.15,* 0.23,3.090977,13551.7588,332.9281912,0.07595556,68.00761,
Democratic Republic of the Congo,2010,1472,"12,832.57",0.276667,0.013459,44.16667,0.72425,19016733,24.44167,* 0.23,3.187516,13126.6062,303.5303044,0.07595556,68.00761,
Democratic Republic of the Congo,2011,1410,"11,877.91",0.280833,0.013624,-12.25,0.722917,19013795,24.13333,* 0.23,3.280166,12703.017,339.5379563,0.07595556,68.00761,
Democratic Republic of the Congo,2012,1380,"11,991.59",0.2775,0.0134,-3.41667,0.721917,19014429,24.09167,* 0.23,3.338605,12285.9149,393.4876911,0.07595556,68.00761,
Democratic Republic of the Congo,2013,1301,"12,371.46",0.275833,0.013657,24.91667,0.7295,19014173,24.35833,* 0.23,3.401708,11875.0123,431.6460197,0.07595556,68.00761,
Democratic Republic of the Congo,2014,1315,"12,612.46",0.279167,0.013986,35,0.73375,19015507,24.39167,* 0.23,3.39069,11479.1172,465.5275119,0.07595556,68.00761,
Democratic Republic of the Congo,2015,1354,"12,020.07",0.275833,0.01394,22.66667,0.727833,19012626,24.53333,* 0.23,3.302243,11106.2393,494.7987483,0.07595556,68.00761,
Democratic Republic of the Congo,2016,1335,"12,562.72",0.275,0.013899,36.16667,0.723917,19013170,24.875,* 0.23,3.541008,10719.8479,505.460456,0.07595556,68.00761,
Democratic Republic of the Congo,2017,1402,"11,862.84",0.2725,0.013909,21.25,0.731,19012268,24.58333,* 0.23,3.656846,10334.9206,479.0117318,0.07595556,68.00761,
Democratic Republic of the Congo,2018,1392,"12,457.17",0.28,0.014246,68.5,0.731167,19019299,24.44167,* 0.23,3.347265,9994.70902,474.6198175,0.07595556,68.00761,
Democratic Republic of the Congo,2019,1411,"12,478.42",0.279167,0.014042,50.16667,0.731333,19011227,24.7,* 0.23,3.169529,9682.89154,574.8813354,0.07595556,68.00761,
Democratic Republic of the Congo,2020,1386,"13,378.73",0.28,0.014306,131.25,0.735083,19035640,24.79167,* 0.23,3.22098,9375.97686,605.9868442,0.07595556,68.00761,
Democratic Republic of the Congo,2021,1249,"12,694.20",0.276667,0.013965,115.9167,0.731583,19047781,24.825,* 0.23,3.237908,9077.2536,552.4494988,0.07595556,68.00761,
Democratic Republic of the Congo,2022,1335,"13,001.14",0.2775,0.013722,87.16667,0.725667,19035146,24.58333,* 0.23,3.223402,8789.32275,608.4283449,0.07595556,68.00761,
Democratic Republic of the Congo,2023,1433,"13,654.01",0.28,0.014075,172.9167,0.7365,19047757,24.89167,* 0.23,3.259635,,618.6964226,,,
Democratic Republic of the Congo,2024,1157,"13,178.51",0.270833,0.012159,167.6667,0.728917,19071932,25.525,,3.242576,,,,,
Democratic Republic of the Congo,2025,1270,"13,442.74",0.275333,0.012084,122.6667,0.731,19033384,24.85,,,,,,,
Republic of the Congo,2001,1422,"3,832.58",0.255,,,0.709833,12.965,24.50833,* 0.03,3.773618,67837.2773,1046.951269,0.02054054,69.12281,
Republic of the Congo,2002,1575,"3,720.76",0.260833,,16.66667,0.712917,12.51,24.84167,* 0.03,2.362494,66253.4085,881.3940049,0.02072072,69.56522,
Republic of the Congo,2003,1552,"3,800.32",0.261667,0.004921,37.25,0.7275,12.87167,24.99167,* 0.03,2.795199,64427.1368,929.4594131,0.02072072,69.51551,
Republic of the Congo,2004,1440,"3,331.37",0.255,0.004954,-16.25,0.71825,13.395,24.95833,* 0.03,3.417698,62262.4142,1043.072128,0.02072072,69.48561,
Republic of the Congo,2005,1443,"3,160.99",0.256667,0.004711,-45.6667,0.719083,13.76583,25.18333,* 0.03,3.603804,60058.549,1346.345748,0.02072072,69.46565,
Republic of the Congo,2006,1519,"3,436.86",0.255833,0.004645,-25.1667,0.72225,12.98083,24.94167,* 0.03,3.743992,57851.5347,1864.26884,0.02072072,69.46565,
Republic of the Congo,2007,1556,"3,554.17",0.264167,0.004826,2.666667,0.7315,12.66833,25,* 0.03,3.659245,55772.8688,2190.904678,0.02072072,69.46565,
Republic of the Congo,2008,1487,"3,697.35",0.261667,0.004982,30.16667,0.72375,12.60667,24.86667,* 0.03,3.288853,53968.4168,2304.463229,0.02072072,69.46565,
Republic of the Congo,2009,1554,"3,457.66",0.263333,0.004747,51.83333,0.733667,12.68083,25.05,* 0.03,3.99594,51854.3901,2953.686807,0.02072072,69.46565,
Republic of the Congo,2010,1449,"3,649.41",0.255833,0.005311,4.583333,0.724667,12.6675,25.38333,* 0.03,4.142431,49750.2403,2383.7495,0.02072072,69.46565,
Republic of the Congo,2011,1499,"3,158.78",0.259167,0.004573,-49.6667,0.721,12.46333,25.04167,* 0.03,3.25059,48159.0655,3123.063276,0.02072072,69.46565,
Republic of the Congo,2012,1525,"3,251.60",0.255,0.006272,-58.75,0.71825,12.7575,25.025,* 0.03,2.796408,46830.9971,3611.568452,0.02072072,69.46565,
Republic of the Congo,2013,1379,"3,441.38",0.253333,0.005241,-31.1667,0.728833,12.945,25.175,* 0.03,2.430928,45706.2951,3973.403749,0.02072072,69.46565,
Republic of the Congo,2014,1532,"4,189.42",0.256667,0.004956,2.416667,0.739917,12.8375,25.15,* 0.03,2.416089,44615.2238,3932.331212,0.02072072,69.46565,
Republic of the Congo,2015,1399,"3,418.79",0.253333,0.004755,-17.5833,0.734083,13.22083,25.35,* 0.03,2.416387,43550.0682,3827.274505,0.02072072,69.46565,
Republic of the Congo,2016,1490,"3,558.56",0.256667,0.005638,-19.6667,0.722583,12.96833,25.66667,* 0.03,2.421699,42508.0842,2478.67669,0.02072072,69.46565,
Republic of the Congo,2017,1578,"3,302.21",0.258333,0.004741,37.83333,0.745,12.57083,25.31667,* 0.03,2.430241,41487.4871,2077.572242,0.02072072,69.46565,
Republic of the Congo,2018,1471,"3,344.47",0.256667,0.005467,48.25,0.7375,12.5175,25.34167,* 0.03,2.43884,40487.9122,2198.569921,0.02072072,69.46565,
Republic of the Congo,2019,1628,"3,594.22",0.26,0.005161,57,0.742833,12.64583,25.59167,* 0.03,2.406344,39525.2624,2639.981495,0.02072072,69.46565,
Republic of the Congo,2020,1634,"3,871.22",0.26,0.005714,71.91667,0.74375,13.20417,25.625,* 0.03,2.394777,38589.9644,2399.841057,0.02072072,69.46565,
Republic of the Congo,2021,1502,"3,590.68",0.256667,0.005319,81.5,0.740917,12.92667,25.55,* 0.03,2.394143,37677.0375,1923.629027,0.02072072,69.46565,
Republic of the Congo,2022,1463,"3,540.65",0.255,0.006001,62.91667,0.7285,12.41917,25.35,* 0.03,2.396653,36784.7845,2391.631549,0.02072072,69.46565,
Republic of the Congo,2023,1618,"4,256.43",0.26,0.005431,132.25,0.748417,13.28917,25.53333,* 0.03,2.41919,,2550.091769,,,
Republic of the Congo,2024,1342,"4,080.31",0.2475,0.004401,65.41667,0.735167,12.68167,26.05833,,2.398291,,,,,
Republic of the Congo,2025,1554,"3,642.89",0.255417,0.00372,-59.25,0.749333,13.16833,25.55,,,,,,,
Djibouti,2001,190,,0.14,,,0.11,,28.275,* 6.33,3.160346,388.947159,777.6706764,6.33333333,84.21053,0
Djibouti,2002,167,,0.148333,,21.88889,0.109,,28.65,* 6.33,3.096961,377.08623,789.1483562,6.33333333,84.21053,1
Djibouti,2003,193,,0.148333,0.009766,16.33333,0.109083,,28.51667,* 6.33,2.230542,368.768277,798.7703902,6.33333333,84.21053,0
Djibouti,2004,165,,0.1425,0.009096,-10.3333,0.11025,,28.76667,* 6.33,1.53756,363.141611,825.7102198,6.33333333,84.21053,1
Djibouti,2005,165,,0.145,0.008383,-4.5,0.108,,28.68333,* 6.33,1.566485,357.497375,869.941046,6.33333333,84.21053,0
Djibouti,2006,238,,0.148333,0.008647,5.583333,0.11575,,28.46667,* 6.33,1.95849,350.563941,911.4593274,6.33333333,84.21053,2
Djibouti,2007,143,,0.1475,0.009165,26.91667,0.11525,,28.5,* 6.33,2.168968,343.04219,974.5568258,6.33333333,84.21053,1
Djibouti,2008,93,,0.135,0.009165,2.75,0.10225,,28.19167,* 6.33,2.060435,336.046348,1059.832422,6.33333333,84.21053,2
Djibouti,2009,122,,0.145,0.008401,-5.91667,0.104833,,28.575,* 6.33,2.083255,329.118062,1232.036653,6.33333333,84.21053,6
Djibouti,2010,212,,0.153333,0.008526,27.08333,0.10575,,28.375,* 6.33,2.033323,322.493607,1276.076139,6.33333333,84.21053,8
Djibouti,2011,162,,0.14,0.009133,27.33333,0.102167,,28.15833,* 6.33,1.948849,316.269538,1353.157335,6.33333333,84.21053,2
Djibouti,2012,96,,0.1325,0.009039,7.5,0.09625,,28.175,* 6.33,1.899389,310.319039,1463.001249,6.33333333,84.21053,2
Djibouti,2013,188,,0.1375,0.008516,19.41667,0.099917,,28.31667,* 6.33,1.852612,304.622958,1572.267783,6.33333333,84.21053,4
Djibouti,2014,166,,0.1325,0.00828,24.66667,0.101,,28.2,* 6.33,1.800565,299.187109,2332.574194,6.33333333,84.21053,17
Djibouti,2015,136,,0.124167,0.007523,8.583333,0.0995,,28.94167,* 6.33,1.739613,294.027421,2485.429325,6.33333333,84.21053,6
Djibouti,2016,196,,0.1375,0.007528,22.33333,0.102833,,29.10833,* 6.33,1.685199,289.113991,2674.703955,6.33333333,84.21053,5
Djibouti,2017,119,,0.1325,0.006567,2.916667,0.103,,29.14167,* 6.33,1.642861,284.403052,2826.56039,6.33333333,84.21053,3
Djibouti,2018,151,,0.128333,0.006323,15.33333,0.099583,,28.66667,* 6.33,1.602594,279.881554,2949.364594,6.33333333,84.21053,0
Djibouti,2019,199,,0.133333,0.005893,5.333333,0.1045,,28.84167,* 6.33,1.557661,275.555727,3061.740711,6.33333333,84.21053,9
Djibouti,2020,217,,0.141667,0.007369,60.66667,0.120583,,28.79167,* 6.33,1.502287,271.44703,3196.578328,6.33333333,84.21053,6
Djibouti,2021,151,,0.131667,0.010344,46.16667,0.118167,,28.73333,* 6.33,1.442689,267.559006,3243.280517,6.33333333,84.21053,12
Djibouti,2022,137,,0.134167,0.011811,26.41667,0.113667,,28.775,* 6.33,1.403529,263.829967,3393.141711,6.33333333,84.21053,4
Djibouti,2023,166,,0.144167,0.012198,53.5,0.126833,,29.5,* 6.33,1.384103,,3490.459451,,,9
Djibouti,2024,185,,0.140833,0.012243,63.33333,0.12725,,29.8,,1.359217,,,,,2
Djibouti,2025,99,,0.119417,0.012687,96.41667,0.1175,,29.23333,,,,,,,
Egypt,2001,9,4708.234167,0.086666667,,,0.113083333,157204.6958,22.95833333,* 103.88,2.123804,13.3954832,1464.398435,5870.7,8.185362,6
Egypt,2002,11,4374.533333,0.086666667,,21.22222222,0.11425,151447.7558,23.10833333,* 106.93,2.103724,13.1166228,1391.195066,6038.4,8.599089,5
Egypt,2003,8,4059.601667,0.085833333,0.005123833,20.83333333,0.113916667,139571.5325,22.875,* 109.99,2.095453,12.8446298,1202.214954,6206.1,9.001545,0
Egypt,2004,11,4241.739167,0.086666667,0.004968333,5.333333333,0.114666667,137990.7933,22.875,* 113.04,2.064377,12.5821864,1112.628263,6373.8,9.393184,1
Egypt,2005,12,4081.760833,0.086666667,0.004534833,-2.333333333,0.115083333,131377.5467,22.93333333,* 116.1,2.02221,12.3303036,1071.829985,6541.5,9.774436,14
Egypt,2006,11,4138.706667,0.085,0.0043515,-1,0.114833333,130961.3283,22.85,* 119.15,1.952913,12.0918395,1197.015643,6709.2,10.14571,2
Egypt,2007,10,4200.129167,0.085833333,0.004744958,6.833333333,0.11525,87258.5465,17.575,* 122.21,1.887532,11.8657427,1409.714003,6876.9,10.50739,2
Egypt,2008,12,4799.6425,0.085833333,0.004867042,2.25,0.114833333,75686.305,,* 125.26,1.867404,11.6462174,1681.7997,7044.6,10.85985,38
Egypt,2009,34,4630.765833,0.084166667,0.004498,-8.833333333,0.113916667,70446.525,,* 128.32,1.888365,11.4283578,2062.610019,7212.3,11.20343,26
Egypt,2010,9,4396.655,0.081666667,0.003995958,-17.75,0.114083333,66599.83,,* 131.37,1.917951,11.211256,2352.820687,7380,11.53846,56
Egypt,2011,15,4041.0875,0.083333333,0.004043583,-18.33333333,0.116416667,66922.54042,,* 134.43,2.104461,10.9777848,2672.008602,7165,13.32868,227
Egypt,2012,11,4327.835,0.081666667,0.003957125,-26.08333333,0.11625,65381.72083,,* 130.51,2.244758,10.7341054,2821.070934,7230,13.27801,126
Egypt,2013,12,4077.761667,0.0825,0.004135542,-31.83333333,0.115416667,68084.44208,,* 131.69,2.305264,10.4894863,3265.25116,7300,13.28767,822
Egypt,2014,15,4354.113333,0.080833333,0.004376917,-23.83333333,0.116416667,73046.16042,,* 132.97,2.27644,10.2533969,3299.34629,6070,13.53741,728
Egypt,2015,19,4082.331667,0.083333333,0.004470833,-14.75,0.115916667,76219.68958,,* 110.56,2.098926,10.0404286,3417.415454,6090,14.00541,830
Egypt,2016,13,3821.980833,0.0825,0.004085583,-11.33333333,0.115583333,70486.66917,,* 110.93,2.034683,9.83820201,3601.921802,6065,14.10169,471
Egypt,2017,9,3815.6075,0.0825,0.00414,-18.25,0.115916667,71672.01667,,* 110.47,1.998178,9.64356822,3557.417836,7750,13.87097,435
Egypt,2018,18,4096.428333,0.084166667,0.004476375,-14,0.1145,77282.775,,* 141.17,1.897138,9.4623409,2601.936986,7750,13.87097,386
Egypt,2019,17,4402.023333,0.083333333,0.004939917,-13.08333333,0.116083333,81349.39917,,* 141.17,1.754974,9.29772792,2694.840918,7750,13.87097,537
Egypt,2020,33,4218.51,0.0875,0.005740875,-12.83333333,0.116833333,82112.21458,,* 141.17,1.624954,9.14786503,3205.575649,7750,13.87097,515
Egypt,2021,15,4039.6,0.085,0.006271083,-0.083333333,0.11625,83655.10792,,* 141.17,1.490805,9.01249969,3786.434628,7750,13.87097,266
Egypt,2022,13,3757.019167,0.089166667,0.006858917,9.416666667,0.1165,84169.25958,,* 141.17,1.486097,8.87955549,4100.004132,7750,13.87097,194
Egypt,2023,14,3962.289167,0.086666667,0.007421375,26,0.116416667,83542.77417,,* 141.17,1.688341,,4504.484881,,,23
Egypt,2024,12,4407.34,0.0825,0.0069635,29,0.1155,83026.31125,,,1.733242,,,,,29
Egypt,2025,8,4212.475,0.086166667,0.007263667,31.58333333,0.115833333,83691.68333,,,,,,,,
Equatorial Guinea,2001,2183,,,,,0.736916667,,23.85,* 6.33,6.410083,34674.2488,1760.82462,0.06876923,,1
Equatorial Guinea,2002,2383,,0.287142857,,27.66666667,0.77775,,24.15,* 6.33,6.22002,32583.2094,2360.383929,0.07061538,,1
Equatorial Guinea,2003,2520,,0.291666667,0.005350182,9.5,0.776083333,,24.29166667,* 6.33,6.066318,30665.3677,2800.565374,0.07246154,,1
Equatorial Guinea,2004,2427,,0.293333333,0.002936917,-12.08333333,0.767,,24.275,* 6.33,5.958465,28891.5533,3693.99302,0.07430769,,2
Equatorial Guinea,2005,1957,,0.291666667,0.002843833,-30,0.769083333,,24.33333333,* 6.33,5.138402,27444.4856,6284.106869,0.07615385,,0
Equatorial Guinea,2006,2278,,0.2925,0.00298675,1.833333333,0.766916667,,24.25833333,* 6.33,4.436479,26253.5303,11204.9125,0.07615385,,1
Equatorial Guinea,2007,2531,,0.293333333,0.003082792,-24.41666667,0.77675,,24.275,* 6.33,4.511355,25095.4593,13147.98424,0.07615385,,2
Equatorial Guinea,2008,2403,,0.294166667,0.003021875,2.916666667,0.7915,24.7,24.22727273,* 6.33,4.57371,23973.5185,16273.67902,0.07615385,,1
Equatorial Guinea,2009,2354,,0.294166667,0.002916042,26.41666667,0.7705,24.39166667,,* 6.33,4.607871,22893.914,23473.52177,0.07615385,,5
Equatorial Guinea,2010,2109,,0.28,0.004260833,-11.83333333,0.779583333,24.64166667,,* 6.33,4.595868,21865.5521,17050.28265,0.07615385,,1
Equatorial Guinea,2011,2258,,0.279166667,0.002859875,-27.25,0.766583333,24.38333333,,* 6.33,4.340602,20936.7589,17679.53323,0.07615385,,0
Equatorial Guinea,2012,2447,,0.2775,0.00887975,-48.83333333,0.783916667,24.375,,* 6.33,4.074846,20100.7667,22122.15068,0.07615385,,1
Equatorial Guinea,2013,2168,,0.289166667,0.002782875,-24.33333333,0.792416667,24.45,,* 6.33,3.99606,19313.3653,22185.41414,0.07615385,,0
Equatorial Guinea,2014,2558,,0.285833333,0.006852667,-1.083333333,0.79425,24.55,,* 6.33,3.905019,18573.7105,20824.57781,0.07615385,,1
Equatorial Guinea,2015,2186,,0.281666667,0.00327725,-10.16666667,0.772,24.60833333,,* 6.33,3.791605,17882.6527,19795.21549,0.07615385,,1
Equatorial Guinea,2016,2429,,0.280833333,0.006388917,-33.08333333,0.770083333,24.975,,* 6.33,3.664218,17239.253,11509.54587,0.07615385,,3
Equatorial Guinea,2017,2471,,0.283333333,0.004028042,-3.75,0.797333333,24.95,,* 6.33,3.531294,16641.1076,9430.169208,0.07615385,,6
Equatorial Guinea,2018,2393,,0.280833333,0.003933458,11.5,0.786,24.84166667,,* 6.33,3.399452,16084.9085,9849.081309,0.07615385,,6
Equatorial Guinea,2019,2639,,0.280833333,0.00324,12.91666667,0.795916667,24.98333333,,* 6.33,3.271454,15567.2123,10186.83663,0.07615385,,2
Equatorial Guinea,2020,2456,,0.286666667,0.003280375,19.33333333,0.80375,25.08333333,,* 6.33,2.733908,15147.384,8527.361709,0.07615385,,3
Equatorial Guinea,2021,2514,,0.286666667,0.004699,26.16666667,0.81275,24.90833333,,* 6.33,2.435511,14782.9241,7320.2886,0.07615385,,1
Equatorial Guinea,2022,2292,,0.290833333,0.03957395,22.75,0.7885,24.70833333,,* 6.33,2.513037,14416.0528,8637.942077,0.07615385,,1
Equatorial Guinea,2023,2442,,0.286666667,0.0045385,32.33333333,0.811333333,25.03333333,,* 6.33,2.410572,,8078.394297,,,
Equatorial Guinea,2024,2255,,0.286666667,0.00265725,17.91666667,0.803166667,25.33333333,,,2.404726,,,,,
Equatorial Guinea,2025,2293,,0.2805,0.002178083,-94.41666667,0.781583333,24.86666667,,,,,,,,
Eritrea,2001,291,,0.170833333,,,0.163083333,,26.475,* 7.94,2.853733,1211.03128,311.8548206,16.2696429,11.85929,4
Eritrea,2002,273,,0.163333333,,-4.222222222,0.153666667,,26.74166667,* 8.75,3.43915,1170.09016,322.3660274,17.775,9.312839,1
Eritrea,2003,345,,0.166666667,0.00025825,10.83333333,0.158333333,,26.60833333,* 9.56,4.131034,1122.73813,300.3391518,19.2803571,7.164027,7
Eritrea,2004,266,,0.161666667,0.0002595,-6.833333333,0.1535,,26.70833333,* 10.37,4.100227,1077.63432,342.4141469,20.7857143,5.32646,5
Eritrea,2005,305,,0.1675,0.000255458,-6.666666667,0.155,,26.475,* 11.18,2.393156,1052.15099,416.8255546,20.7857143,5.32646,2
Eritrea,2006,369,,0.17,0.000252708,5.166666667,0.15725,26.8,25.9,* 11.18,1.576518,1035.6937,396.0185276,20.7857143,5.32646,3
Eritrea,2007,324,,0.173333333,0.000298083,17.58333333,0.178666667,26.13333333,,* 11.18,1.458517,1020.69756,421.5952828,20.7857143,5.32646,4
Eritrea,2008,230,,0.163333333,0.000351625,4.166666667,0.155416667,26.43333333,,* 11.18,2.630041,994.202733,445.6085044,20.7857143,5.32646,16
Eritrea,2009,247,,0.16,0.000355625,-4.916666667,0.147583333,27.05,,* 11.18,2.509085,969.567694,455.5316086,20.7857143,5.32646,7
Eritrea,2010,298,,0.170833333,0.0002595,12.83333333,0.156166667,26.85833333,,* 11.18,1.964757,950.703962,600.564096,20.7857143,5.32646,3
Eritrea,2011,244,,0.165,0.000318708,9.25,0.151083333,26.30833333,,* 11.18,1.793519,933.804905,505.3482934,20.7857143,5.32646,4
Eritrea,2012,228,,0.159166667,0.000310375,-2,0.149166667,26.625,,* 11.18,1.275907,921.966106,646.8529224,20.7857143,5.32646,4
Eritrea,2013,272,,0.161666667,0.000346042,-2.5,0.148666667,26.86666667,,* 11.18,1.223051,910.758662,,20.7857143,5.32646,4
Eritrea,2014,314,,0.1675,0.000439417,16.83333333,0.160416667,26.54166667,,* 11.18,0.674705,904.63441,,20.7857143,5.32646,1
Eritrea,2015,217,,0.1575,0.000370667,3.833333333,0.147416667,27.26666667,,* 11.18,0.334574,901.612792,,20.7857143,5.32646,5
Eritrea,2016,333,,0.165,0.000443458,14.08333333,0.15975,27.1,,* 11.18,0.614809,896.086598,,20.7857143,5.32646,6
Eritrea,2017,254,,0.160833333,0.000453167,3.75,0.15125,27.23333333,,* 11.18,0.817497,888.790981,,20.7857143,5.32646,1
Eritrea,2018,328,,0.166666667,0.000535625,22.16666667,0.159583333,26.88333333,,* 11.18,1.337314,876.984177,,20.7857143,5.32646,2
Eritrea,2019,371,,0.170833333,0.00062625,23,0.175166667,26.85833333,,* 11.18,1.474746,864.145789,,20.7857143,5.32646,0
Eritrea,2020,269,,0.170833333,0.000677,50.5,0.17975,26.64166667,,* 11.18,1.564061,850.735172,,20.7857143,5.32646,6
Eritrea,2021,196,,0.169166667,0.000542375,46.75,0.173583333,27.05,,* 11.18,1.774116,835.77524,,20.7857143,5.32646,2
Eritrea,2022,225,,0.169166667,0.000519083,27.08333333,0.174166667,26.85833333,,* 11.18,1.753514,821.247551,,20.7857143,5.32646,4
Eritrea,2023,180,,0.1675,0.000575167,41.33333333,0.17825,27.60833333,,* 11.18,1.771687,,,,,1
Eritrea,2024,329,,0.171666667,0.000542083,49.08333333,0.202666667,27.16666667,,,1.861689,,,,,3
Eritrea,2025,260,,0.159166667,0.00036575,60.08333333,0.200166667,27.075,,,,,,,,
Eswatini (formerly Swaziland),2001,1075,,0.245,,,0.578,150.6183333,20.50833333,* 75.67,0.922358,2511.74048,1687.469667,39.6666667,2.622231,
Eswatini (formerly Swaziland),2002,642,,0.2225,,33.77777778,0.52475,214.785,20.68333333,* 76.05,0.793843,2491.88015,1481.726522,39.8636364,2.938046,
Eswatini (formerly Swaziland),2003,628,,0.214166667,0.000177,-19.75,0.492833333,171.1266667,21.225,* 76.43,0.682836,2474.92266,1362.722916,40.0606061,3.250756,
Eswatini (formerly Swaziland),2004,1007,,0.23,0.000264375,-9,0.55625,199.3733333,20.63333333,* 76.8,0.603686,2460.02689,2075.163756,40.2575758,3.560406,
Eswatini (formerly Swaziland),2005,774,,0.220833333,0.000250333,-9.583333333,0.517833333,197.7008333,21.00833333,* 77.18,0.544844,2446.66003,2598.576727,40.4545455,3.867041,
Eswatini (formerly Swaziland),2006,1032,,0.235,0.000539958,43.25,0.564916667,390.565,20.43333333,* 77.56,0.500496,2434.44519,2964.657026,40.4545455,3.867041,
Eswatini (formerly Swaziland),2007,666,,0.218333333,0.000471167,-13.08333333,0.5225,347.1941667,20.68333333,* 77.56,0.576424,2420.45283,3053.181761,40.4545455,3.867041,
Eswatini (formerly Swaziland),2008,762,,0.221666667,0.000429542,-9.416666667,0.52125,396.98,20.50833333,* 77.56,0.674894,2404.17233,3200.536191,40.4545455,3.867041,
Eswatini (formerly Swaziland),2009,860,,0.236666667,0.00064425,1.916666667,0.555083333,447.3875,20.51666667,* 77.56,0.641057,2388.80951,3022.095579,40.4545455,3.867041,
Eswatini (formerly Swaziland),2010,1010,,0.233333333,0.000789125,22.08333333,0.565083333,460.9516667,21.125,* 77.56,0.586161,2374.8482,3269.797247,40.4545455,3.867041,
Eswatini (formerly Swaziland),2011,821,,0.226666667,0.000894875,41.41666667,0.546916667,471.55,20.71666667,* 77.56,0.554659,2361.71235,4035.241009,40.4545455,3.867041,
Eswatini (formerly Swaziland),2012,884,,0.2175,0.000711833,33.5,0.551416667,410.5,20.9,* 77.56,0.537987,2349.04076,4362.424065,40.4545455,3.867041,
Eswatini (formerly Swaziland),2013,897,,0.235833333,0.000938917,22.41666667,0.571583333,460.2808333,20.5,* 77.56,0.543693,2336.30386,4398.336369,40.4545455,3.867041,
Eswatini (formerly Swaziland),2014,846,,0.219166667,0.000831292,19.5,0.546833333,463.4275,20.7,* 77.56,0.556771,2323.33215,4112.301385,40.4545455,3.867041,
Eswatini (formerly Swaziland),2015,575,,0.205833333,0.000457583,-36.66666667,0.496083333,359.8891667,21.75,* 77.56,0.571628,2310.08923,3928.051907,40.4545455,3.867041,
Eswatini (formerly Swaziland),2016,659,,0.201666667,0.000176958,-60.16666667,0.504416667,190.3075,21.64166667,* 77.56,0.584039,2296.63673,3583.109058,40.4545455,3.867041,
Eswatini (formerly Swaziland),2017,901,,0.218333333,0.000491375,-44.91666667,0.536583333,343.44,20.85833333,* 77.56,0.75296,2279.40891,3338.599495,40.4545455,3.867041,
Eswatini (formerly Swaziland),2018,754,,0.2275,0.000655417,-27.16666667,0.582583333,398.16,20.81666667,* 77.56,0.922519,2258.47763,3825.342507,40.4545455,3.867041,
Eswatini (formerly Swaziland),2019,761,,0.216666667,0.000632292,-53.66666667,0.556916667,413.6275,21.375,* 77.56,0.931971,2237.52706,4022.929331,40.4545455,3.867041,
Eswatini (formerly Swaziland),2020,878,,0.215,0.000536583,-45.91666667,0.562416667,335.805,20.83333333,* 77.56,1.083631,2213.41143,3817.277369,40.4545455,3.867041,
Eswatini (formerly Swaziland),2021,1027,,0.228333333,0.000915917,-10.83333333,0.587583333,434.5141667,20.54166667,* 77.56,1.155673,2187.97888,3371.919328,40.4545455,3.867041,
Eswatini (formerly Swaziland),2022,971,,0.2425,0.001159458,41.75,0.620166667,457.7758333,20.9,* 77.56,1.016207,2165.85707,3983.810739,40.4545455,3.867041,
Eswatini (formerly Swaziland),2023,924,,0.234166667,0.001126625,53.75,0.597166667,452.475,21.16666667,* 77.56,0.946271,,4039.518036,,,
Eswatini (formerly Swaziland),2024,750,,0.22,0.000941208,-17.75,0.574583333,440.74,21.54166667,,0.995913,,,,,
Eswatini (formerly Swaziland),2025,982,,0.226666667,0.0012795,-29.08333333,0.620583333,428.315,21.05,,,,,,,
Ethiopia,2001,740,1013.991667,0.210833333,,,0.38875,52562.885,22.85833333,,3.033511,1755.70484,126.2439866,,,42
Ethiopia,2002,676,945.1108333,0.206666667,,-2,0.380333333,50360.26167,23.31666667,,3.044035,1703.06581,122.4898502,4.5557377,5.991364,220
Ethiopia,2003,720,892.505,0.2075,0.00484175,-3.083333333,0.383666667,48609.04083,23.14166667,* 17,3.021022,1652.38521,113.5184198,5.185,7.777795,115
Ethiopia,2004,709,908.86,0.209166667,0.004984708,-25.83333333,0.383333333,49529.2075,23.1,* 19.34,2.994747,1603.63408,121.1793866,5.8142623,9.177545,113
Ethiopia,2005,754,1000.910833,0.211666667,0.004859958,-8.833333333,0.385,49520.6575,23.35,* 21.69,2.966022,1556.76839,138.383975,6.44352459,10.3039,95
Ethiopia,2006,855,1067.79,0.215833333,0.004699,5.916666667,0.402333333,49839.38667,23.29166667,* 24.04,2.93729,1511.70662,164.6863398,6.64374814,9.993371,53
Ethiopia,2007,741,1361.0875,0.216666667,0.004774833,29.91666667,0.4035,50722.2875,23.38333333,* 24.79,2.930159,1468.05388,197.3594209,6.84425484,9.700609,39
Ethiopia,2008,686,1280.590833,0.208333333,0.0046035,13,0.378333333,50190.15917,23.14166667,* 25.54,2.894357,1426.17219,247.6118868,7.04461997,9.424702,111
Ethiopia,2009,619,1048.548333,0.200833333,0.004643667,-7.083333333,0.364583333,48866.30083,23.83333333,* 26.28,2.83966,1386.24335,330.8856288,7.24441878,9.164771,95
Ethiopia,2010,814,1103.029167,0.216666667,0.004788583,21.33333333,0.39125,49703.01,23.45,* 27.03,2.835175,1347.49285,385.7708495,7.44464232,8.918285,176
Ethiopia,2011,720,1195.07,0.205833333,0.004729583,10.83333333,0.3815,52411.72083,23.275,* 27.78,2.843545,1309.71593,346.2682245,7.64486587,8.68471,78
Ethiopia,2012,717,1085.406667,0.201666667,0.004735708,12,0.381416667,52126.405,23.44166667,* 28.52,2.803904,1273.50282,359.4227714,7.84508942,8.463057,119
Ethiopia,2013,805,1016.516667,0.208333333,0.00479525,31,0.397416667,52496.08583,23.25833333,* 29.27,2.718472,1239.34933,473.6490999,8.04531297,8.252438,111
Ethiopia,2014,772,1383.13,0.208333333,0.004776417,44.41666667,0.394166667,53324.2825,23.45833333,* 30.02,2.682998,1206.53972,506.5338231,8.24553652,8.052046,59
Ethiopia,2015,697,1331.595833,0.198333333,0.004542958,28.58333333,0.384333333,50806.33667,23.89166667,* 30.76,2.684802,1174.5775,574.7965069,8.44576006,7.861157,191
Ethiopia,2016,706,1320.129167,0.200833333,0.004836208,35.75,0.387083333,50273.385,24.00833333,* 31.51,2.707883,1143.1981,649.294793,8.64754098,7.677725,551
Ethiopia,2017,711,1279.2875,0.196666667,0.004690375,24.16666667,0.381,52403.19167,23.80833333,* 32.26,2.725241,1112.46389,726.7818782,8.64598361,7.679108,309
Ethiopia,2018,797,1137.753333,0.209166667,0.004664292,53.91666667,0.401166667,52999.60917,23.35,* 32.26,2.696752,1082.86441,778.6725651,8.64598361,7.679108,483
Ethiopia,2019,865,1377.3925,0.206666667,0.004742333,50.91666667,0.410333333,52156.6875,23.75833333,* 32.26,2.69124,1054.11058,781.5455928,8.64598361,7.679108,133
Ethiopia,2020,819,1236.760833,0.215,0.005088375,114.8333333,0.42475,55388.3225,23.675,* 32.26,2.710773,1025.91986,866.706567,8.64598361,7.679108,622
Ethiopia,2021,621,1396.6275,0.203333333,0.005203542,102.3333333,0.392583333,56790.62583,23.675,* 32.26,2.672495,998.865322,948.2836923,8.64598361,7.679108,1567
Ethiopia,2022,594,1494.62,0.199166667,0.005373292,84.25,0.376833333,55387.24833,23.86666667,* 32.26,2.622695,973.008683,955.8472447,8.64598361,7.679108,1279
Ethiopia,2023,774,1560.063333,0.2125,0.005908167,128.0833333,0.431166667,54869.1,23.94166667,* 32.26,2.603624,,1062.316126,,,1397
Ethiopia,2024,745,1525.2875,0.2175,0.006655958,153.5,0.444916667,56523.9325,24.21666667,,2.583504,,,,,2575
Ethiopia,2025,614,1739.6275,0.203666667,0.006593708,152.8333333,0.411166667,55724.475,24.00833333,,,,,,,2264
Gabon,2001,1735,,0.253333333,,,0.722416667,,24.44166667,* 0.43,2.631864,125230.129,4185.639867,0.07564634,57.89134,1
Gabon,2002,1872,,0.254166667,,7.888888889,0.739,,24.9,* 0.45,2.678103,121920.848,4040.251918,0.07793902,58.70756,1
Gabon,2003,1853,,0.255833333,0.004448364,29.58333333,0.760833333,,25.04166667,* 0.46,2.729057,118638.55,4190.307193,0.08023171,59.47712,0
Gabon,2004,1775,,0.255,0.004736,-8.333333333,0.748833333,,24.85833333,* 0.48,2.800438,115362.241,4992.803083,0.08252439,60.20393,1
Gabon,2005,1618,,0.2575,0.004310417,-49.08333333,0.760166667,,24.95,* 0.49,2.903808,112060.513,5811.860352,0.08481707,60.89145,0
Gabon,2006,1774,,0.259166667,0.004347833,-20.83333333,0.757916667,,24.88333333,* 0.5,3.018031,108729.017,6982.907775,0.08481707,60.89145,2
Gabon,2007,1934,,0.26,0.004395875,-0.166666667,0.769416667,,24.99166667,* 0.5,3.126301,105382.406,7321.889464,0.08481707,60.89145,0
Gabon,2008,1885,,0.26,0.004415667,23.33333333,0.7705,,24.85833333,* 0.5,3.220725,102042.404,8580.889238,0.08481707,60.89145,2
Gabon,2009,1803,,0.261666667,0.004460958,46.16666667,0.771833333,,24.95,* 0.5,3.327653,98702.6618,10410.90311,0.08481707,60.89145,1
Gabon,2010,1666,,0.256666667,0.004553,-6.916666667,0.773583333,,25.29166667,* 0.5,3.449943,95355.5454,7845.969989,0.08481707,60.89145,0
Gabon,2011,1790,,0.254166667,0.00406975,-36.91666667,0.760083333,,25.075,* 0.5,3.547397,92032.2,9001.086583,0.08481707,60.89145,1
Gabon,2012,1887,,0.253333333,0.0130615,-45.75,0.756083333,,25.05833333,* 0.5,3.577469,88797.9732,11005.62768,0.08481707,60.89145,2
Gabon,2013,1710,,0.2525,0.004727208,-32.08333333,0.772166667,,25.2,* 0.5,3.520093,85726.5772,9998.342778,0.08481707,60.89145,2
Gabon,2014,1842,,0.265,0.008577454,-8.416666667,0.784166667,,25.18333333,* 0.5,3.35844,82895.3108,9865.021054,0.08481707,60.89145,1
Gabon,2015,1706,,0.253333333,0.00669575,-26.66666667,0.766666667,,25.3,* 0.5,3.114656,80353.2013,9836.207132,0.08481707,60.89145,3
Gabon,2016,1823,,0.248333333,0.007981625,-39.58333333,0.754916667,,25.68333333,* 0.5,2.864855,78083.8602,7506.809869,0.08481707,60.89145,5
Gabon,2017,1921,,0.253333333,0.004546458,17.41666667,0.788333333,,25.475,* 0.5,2.658896,76035.0503,7090.113635,0.08481707,60.89145,3
Gabon,2018,1911,,0.251666667,0.006980583,34,0.773,,25.40833333,* 0.5,2.536883,74130.3917,7330.66227,0.08481707,60.89145,4
Gabon,2019,2077,,0.253333333,0.004447958,43.75,0.7855,,25.56666667,* 0.5,2.472791,72319.7804,8061.746608,0.08481707,60.89145,4
Gabon,2020,2084,,0.254166667,0.004277458,61.91666667,0.789666667,,25.65,* 0.5,2.389224,70612.3772,7862.654945,0.08481707,60.89145,5
Gabon,2021,2014,,0.256666667,0.006151417,78.83333333,0.792166667,,25.44166667,* 0.5,2.306124,69002.6011,6963.393395,0.08481707,60.89145,8
Gabon,2022,1914,,0.258333333,0.01551475,59.33333333,0.7715,,25.30833333,* 0.5,2.247639,67468.9715,8991.148877,0.08481707,60.89145,5
Gabon,2023,1994,,0.26,0.004768083,105.0833333,0.7865,,25.525,* 0.5,2.198913,,9165.172274,,,10
Gabon,2024,1801,,0.248333333,0.004453375,54.91666667,0.77575,,25.86666667,,2.156365,,,,,9
Gabon,2025,1783,,0.252083333,0.004179625,-48.5,0.7775,,25.30833333,,,,,,,6
Gambia,2001,751,,0.168333333,,,0.4165,58.07166667,27.525,* 1.97,2.706993,2006.6742,603.3906625,3.09066667,38.13632,12
Gambia,2002,500,,0.155,,-49.11111111,0.383,51.9775,27.95,* 2.02,2.684688,1953.51799,513.3519711,3.16466667,38.78239,9
Gambia,2003,815,,0.175833333,0.001993667,-38.75,0.369333333,55.44083333,27.44166667,* 2.06,2.693123,1901.60946,418.2993785,3.23866667,39.39893,10
Gambia,2004,598,,0.171666667,0.002862042,-16.66666667,0.4155,65.48666667,27.45,* 2.11,2.732402,1850.35329,341.2350743,3.31266667,39.98793,3
Gambia,2005,694,,0.176666667,0.002990167,-8,0.399833333,69.69166667,27.925,* 2.16,2.78121,1799.60013,652.8654665,3.38666667,40.55118,3
Gambia,2006,635,,0.169166667,0.002830458,-5.666666667,0.42175,59.91916667,27.50833333,* 2.21,2.852562,1748.99069,675.972803,3.38666667,40.55118,4
Gambia,2007,556,,0.160833333,0.002678458,-23.33333333,0.373583333,53.08,27.56666667,* 2.21,2.90157,1698.97167,672.355236,3.38666667,40.55118,1
Gambia,2008,927,,0.175833333,0.002878792,-9.166666667,0.410833333,64.18416667,27.575,* 2.21,2.906646,1650.29936,791.971892,3.38666667,40.55118,3
Gambia,2009,838,,0.17,0.003323,18.08333333,0.411583333,69.3975,27.40833333,* 2.21,2.904299,1603.05906,938.1660836,3.38666667,40.55118,4
Gambia,2010,905,,0.178333333,0.003607083,51.25,0.40775,71.63583333,28.125,* 2.21,2.907379,1557.12306,845.5680828,3.38666667,40.55118,2
Gambia,2011,623,,0.165,0.003084167,41.25,0.399916667,67.43166667,27.775,* 2.21,2.923377,1512.26142,873.4206278,3.38666667,40.55118,1
Gambia,2012,911,,0.1725,0.0034365,51.33333333,0.403833333,69.24666667,27.79166667,* 2.21,2.945919,1468.36122,774.1757871,3.38666667,40.55118,5
Gambia,2013,860,,0.171666667,0.003485708,65.16666667,0.4175,73.0425,27.85,* 2.21,2.928941,1425.97751,753.9711196,3.38666667,40.55118,0
Gambia,2014,598,,0.1625,0.002956917,47.75,0.388083333,66.9625,27.71666667,* 2.21,2.844758,1385.98346,711.0544322,3.38666667,40.55118,4
Gambia,2015,769,,0.17,0.002854208,63.91666667,0.396833333,68.045,27.63333333,* 2.21,2.734288,1348.60009,616.5435038,3.38666667,40.55118,6
Gambia,2016,731,,0.1625,0.003128625,74.41666667,0.406083333,80.645,28.04166667,* 2.21,2.628194,1313.61797,670.5793082,3.38666667,40.55118,5
Gambia,2017,714,,0.161666667,0.003024875,64.83333333,0.392666667,79.34416667,28.21666667,* 2.21,2.525881,1280.85308,701.0435512,3.38666667,40.55118,12
Gambia,2018,782,,0.161666667,0.002623042,64.41666667,0.37825,71.14083333,27.55833333,* 2.21,2.422943,1250.1917,689.761286,3.38666667,40.55118,5
Gambia,2019,690,,0.155,0.00317575,75.58333333,0.400916667,76.17166667,27.71666667,* 2.21,2.356221,1221.07875,743.4232768,3.38666667,40.55118,6
Gambia,2020,1023,,0.1675,0.002642833,77.25,0.389,75.6625,28.24166667,* 2.21,2.368661,1192.49539,783.6970109,3.38666667,40.55118,14
Gambia,2021,755,,0.166666667,0.00319275,98.33333333,0.409833333,80.90166667,28.13333333,* 2.21,2.367748,1164.59175,760.6595112,3.38666667,40.55118,14
Gambia,2022,987,,0.1775,0.003792625,119,0.43175,84.01833333,27.675,* 2.21,2.319921,1137.88513,828.8133198,3.38666667,40.55118,6
Gambia,2023,690,,0.163333333,0.004142125,143.4166667,0.431,80.34666667,28.19166667,* 2.21,2.30124,,895.2579629,,,6
Gambia,2024,1045,,0.166666667,0.003548917,152.5,0.385416667,79.85,28.11666667,,2.277303,,,,,5
Gambia,2025,891,,0.161916667,0.00374925,199.25,0.398166667,35.89083333,27.74166667,,,,,,,5
Ghana,2001,925,95.13083333,0.215,,,0.528333333,94922.14667,27.36666667,* 4.28,2.663105,,261.6096709,3.33044554,,7
Ghana,2002,1148,81.48583333,0.2225,,-44.22222222,0.56675,80948.00167,27.4,* 4.4,2.750138,,272.280299,3.419967,,7
Ghana,2003,1172,107.7716667,0.229166667,0.01456175,-31.41666667,0.593,81224.91083,27.46666667,* 4.52,2.699996,,308.2533876,3.50948845,,11
Ghana,2004,943,85.53,0.229166667,0.017447375,-8.833333333,0.574916667,93496.55667,27.39166667,* 4.64,2.648564,,372.3203372,3.5990099,,6
Ghana,2005,1054,73.3625,0.2275,0.016581283,-19.25,0.564166667,92273.9225,27.525,* 4.75,2.622757,,422.6682316,3.68853135,,3
Ghana,2006,1006,93.375,0.223333333,0.015547333,-59.91666667,0.577666667,82755.11167,27.56666667,* 4.87,2.599672,,498.6867049,3.77805281,,3
Ghana,2007,1127,92.86916667,0.219166667,0.015409583,-35.41666667,0.570583333,82329.89833,27.55833333,* 4.99,2.577429,,945.0599395,3.86757426,,5
Ghana,2008,1120,84.71666667,0.219166667,0.017996458,32.91666667,0.571333333,100953.3592,27.48333333,* 5.11,2.53778,,1094.973889,3.95709571,,11
Ghana,2009,1101,60.9525,0.225833333,0.020833,63.75,0.58275,114988.605,27.71666667,* 5.23,2.495285,,1232.698576,4.04661716,,17
Ghana,2010,1205,74.775,0.2275,0.022556125,95.66666667,0.585916667,124019.9783,27.95833333,* 5.34,2.433014,,1091.280057,4.13613861,,8
Ghana,2011,1065,86.14916667,0.220833333,0.024051917,123.5833333,0.57325,135338.36,27.61666667,* 5.46,2.404971,,1315.382688,4.23556106,,5
Ghana,2012,1178,96.81083333,0.2275,0.023132875,111.5833333,0.570083333,127011.2767,27.5,* 5.59,2.419909,,1568.062365,4.34158416,,27
Ghana,2013,1026,63.11166667,0.224166667,0.0217047,68.58333333,0.576666667,114180.3333,27.63333333,* 5.73,2.409279,,1606.293882,4.41460396,,32
Ghana,2014,1225,74.1925,0.2225,0.018424167,47.25,0.579333333,94834.06667,27.63333333,* 5.83,2.364986,,2388.355154,4.49158416,,21
Ghana,2015,1005,83.72833333,0.2125,0.018319667,6.5,0.552,83896.06083,27.85,* 5.93,2.307127,,2035.147844,4.74744224,,40
Ghana,2016,1250,100.0033333,0.213333333,0.016050217,-21.16666667,0.554,84984.18083,28.13333333,* 6.27,2.276212,,1794.01142,4.78085809,,39
Ghana,2017,1157,96.38583333,0.2125,0.016857792,13.33333333,0.565416667,92634.10083,28.04166667,* 6.31,2.195358,,1993.976189,4.78085809,,42
Ghana,2018,1357,63.74666667,0.221666667,0.018557833,42.08333333,0.569416667,99285.625,27.80833333,* 6.31,2.075171,,2097.112194,4.78085809,,53
Ghana,2019,1372,84.135,0.22,0.020829458,72.91666667,0.573333333,110232.3408,28.13333333,* 6.31,2.007805,,2285.429863,4.78085809,,77
Ghana,2020,1065,93.24666667,0.213333333,0.0216145,69.66666667,0.56775,118308.6467,28.06666667,* 6.31,1.99182,,2270.729952,4.78085809,,176
Ghana,2021,1045,68.07,0.215833333,0.024105967,75.16666667,0.56425,123377.41,28.23333333,* 6.31,1.959046,,2278.032341,4.78085809,,101
Ghana,2022,1138,93.86166667,0.220833333,0.023258167,105.9166667,0.568333333,125314.0842,27.625,* 6.31,1.92029,,2514.310219,4.78085809,,175
Ghana,2023,1205,90.67,0.226666667,0.025520542,143.25,0.58725,134698.8342,28.08333333,* 6.31,1.908603,,2259.61145,,,244
Ghana,2024,955,100.7283333,0.2175,0.024205383,117.0833333,0.568916667,130388.9883,28.425,,1.875,,,,,286
Ghana,2025,906,98.99166667,0.220666667,0.02207225,41.91666667,0.54925,120703.63,28.025,,,,,,,249
Guinea,2001,1628,165.7641667,0.2225,,,0.589583333,1075.44,25.98333333,* 0.89,1.309811,26463.8242,367.6079952,0.24646018,37.9606,59
Guinea,2002,1572,139.3825,0.215,,1.444444444,0.60325,649.4183333,26.28333333,* 0.86,1.558133,26054.6784,339.6831419,0.24834071,37.07699,11
Guinea,2003,1790,148.7358333,0.223333333,0.0002815,-2.083333333,0.60325,821.0283333,26.225,* 0.86,2.242519,25476.8999,346.9893729,0.25022124,36.25853,1
Guinea,2004,1725,132.6583333,0.223333333,0.000250833,-7.5,0.603333333,1148.490833,26.26666667,* 0.87,2.140712,24937.3091,397.5009535,0.25210177,35.49827,4
Guinea,2005,1738,132.0975,0.228333333,0.000255875,-5.5,0.610916667,1070.9575,26.25,* 0.88,2.00042,24443.4148,411.2562792,0.2539823,34.79021,8
Guinea,2006,1619,160.3025,0.2275,0.000329042,-5.25,0.61325,1181.448333,26.13333333,* 0.88,2.090587,23937.7086,325.6750096,0.26473792,33.86895,6
Guinea,2007,1616,140.325,0.215833333,0.000255,-23.66666667,0.589916667,1126.339167,26.125,* 0.92,2.314973,23389.9221,458.2337323,0.27549353,32.99824,13
Guinea,2008,1760,146.9366667,0.225833333,0.000244083,2.416666667,0.6085,814.085,25.9,* 0.96,2.419086,22830.8888,667.3196524,0.28624915,32.17403,10
Guinea,2009,1743,149.715,0.224166667,0.000232208,1.666666667,0.6105,1151.860833,26.11666667,* 1,2.441585,22280.2033,723.2445039,0.29700477,31.3927,25
Guinea,2010,1798,147.9575,0.226666667,0.0002585,35.16666667,0.607583333,1218.546667,26.35,* 1.03,2.459293,21738.9506,681.7420565,0.30776038,30.65097,18
Guinea,2011,1608,130.5125,0.223333333,0.000252833,18.25,0.60925,1152.469167,26.05,* 1.07,2.476974,21207.0967,679.9577779,0.318516,29.94592,5
Guinea,2012,1779,163.8125,0.2275,0.000296083,24.5,0.609,1111.385,25.84166667,* 1.11,2.454162,20692.9748,658.2877003,0.32927161,29.2749,18
Guinea,2013,1612,152.3191667,0.220833333,0.000320667,35.75,0.620166667,987.665,26.10833333,* 1.14,2.444715,20193.2241,724.8869376,0.34002723,28.63548,37
Guinea,2014,1610,157.0041667,0.22,0.000296208,17.83333333,0.607583333,1188.080833,26.05,* 1.18,2.480193,19698.5529,777.5262628,0.35078285,28.0255,18
Guinea,2015,1728,162.0308333,0.2225,0.000282292,29.41666667,0.609333333,1014.658333,26.10833333,* 1.22,2.531513,19206.1405,796.3810835,0.36153846,27.44297,29
Guinea,2016,1739,180.1591667,0.218333333,0.000314125,27.5,0.609583333,1138.443333,26.36666667,* 1.26,2.566909,18719.4101,778.751914,0.37229408,26.88607,20
Guinea,2017,1742,147.0083333,0.216666667,0.000255,27.25,0.599083333,1056.968333,26.48333333,* 1.29,2.556523,18246.9096,741.9195516,0.38304969,26.35315,15
Guinea,2018,1890,184.5308333,0.214166667,0.000267125,24.83333333,0.5885,1012.756667,26.325,* 1.33,2.543856,17788.5888,867.3038191,0.39380531,25.8427,43
Guinea,2019,1828,173.0016667,0.214166667,0.0003345,38.5,0.61075,1136.22,26.56666667,* 1.37,2.561005,17338.8063,968.527342,0.39380531,25.8427,42
Guinea,2020,1857,159.95,0.2175,0.000348542,54.58333333,0.605333333,1317.820833,26.75833333,* 1.37,2.5514,16902.0198,1067.382055,0.39380531,25.8427,148
Guinea,2021,1672,171.1183333,0.219166667,0.000466833,43.08333333,0.61675,1207.333333,26.83333333,* 1.37,2.506104,16483.7012,1094.559421,0.39380531,25.8427,72
Guinea,2022,1776,184.0108333,0.220833333,0.00053325,76.66666667,0.611583333,1168.453333,26.33333333,* 1.37,2.482504,16079.5302,1209.626717,0.39380531,25.8427,58
Guinea,2023,1543,171.0366667,0.219166667,0.000551,75.16666667,0.627333333,1161.4925,26.75,* 1.37,2.46199,,1553.699657,,,91
Guinea,2024,1836,172.635,0.216666667,0.000528417,93.91666667,0.607583333,1143.45,27.025,,2.395958,,,,,98
Guinea,2025,1939,213.95,0.24,0.000543917,169.25,0.618333333,1205.993333,26.55833333,,,,,,,83
Guinea-Bissau,2001,1621,133.2391667,0.193333333,,,0.57025,,27.15,* 1.5,2.12603,12685.5962,312.0324582,1.09375,14.16854,2
Guinea-Bissau,2002,1178,98.56916667,0.186666667,,-36.88888889,0.572416667,,27.3,* 1.5,2.198334,12409.7674,323.3285291,1.09375,15.16022,1
Guinea-Bissau,2003,1755,147.1616667,0.203333333,0.003880583,-30.58333333,0.53775,,27.15833333,* 1.5,2.262192,12132.1862,336.6986419,1.09375,16.11957,3
Guinea-Bissau,2004,1401,135.955,0.196666667,0.004624125,-15,0.58525,,27.175,* 1.5,2.305405,11855.6896,376.2496727,1.09375,17.04813,2
Guinea-Bissau,2005,1414,132.24,0.196666667,0.005593542,-7.083333333,0.580916667,,27.49166667,* 1.5,2.345055,11580.9016,409.7591985,1.09375,17.94737,1
Guinea-Bissau,2006,1315,132.665,0.196666667,0.0061605,-3,0.595583333,,27.15,* 1.5,2.411225,11304.9997,441.5940651,1.09375,17.94737,17
Guinea-Bissau,2007,1290,128.4933333,0.185,0.004433542,-24.08333333,0.5585,,27.2,* 1.5,2.489968,11026.9844,435.1179491,1.09375,17.94737,0
Guinea-Bissau,2008,1724,144.7875,0.194166667,0.005280958,-10.66666667,0.578166667,,27.125,* 1.5,2.52259,10752.298,499.6840073,1.09375,17.94737,2
Guinea-Bissau,2009,1566,141.0908333,0.194166667,0.005527875,12.91666667,0.588916667,,26.9,* 1.5,2.542773,10482.3382,607.3827431,1.09375,17.94737,8
Guinea-Bissau,2010,1652,139.8883333,0.200833333,0.00582875,45.83333333,0.58375,,27.45833333,* 1.5,2.58492,10214.8502,566.4149543,1.09375,17.94737,2
Guinea-Bissau,2011,1393,140.8966667,0.194166667,0.00521525,33.16666667,0.586583333,,27.10833333,* 1.5,2.629228,9949.77849,565.2967827,1.09375,17.94737,1
Guinea-Bissau,2012,1743,165.7525,0.198333333,0.005732292,42.58333333,0.577666667,,27.03333333,* 1.5,2.659527,9688.6492,712.795554,1.09375,17.94737,7
Guinea-Bissau,2013,1637,159.8225,0.196666667,0.006057708,57.33333333,0.60775,,27.03333333,* 1.5,2.662291,9434.11245,624.4992624,1.09375,17.94737,3
Guinea-Bissau,2014,1356,136.0841667,0.1925,0.0055485,37.25,0.58825,,26.88333333,* 1.5,2.627312,9189.47667,643.0345792,1.09375,17.94737,3
Guinea-Bissau,2015,1865,158.5375,0.193333333,0.005205,58.75,0.579416667,,26.93333333,* 1.5,2.57046,8956.27491,631.4863213,1.09375,17.94737,1
Guinea-Bissau,2016,1767,131.8483333,0.190833333,0.005585625,66,0.584416667,,27.25,* 1.5,2.511553,8734.13458,611.2111884,1.09375,17.94737,0
Guinea-Bissau,2017,1560,136.6141667,0.189166667,0.004722833,60.5,0.571,,27.35833333,* 1.5,2.436326,8523.91384,669.9104695,1.09375,17.94737,4
Guinea-Bissau,2018,1979,137.5675,0.19,0.004711167,59.16666667,0.555583333,,26.88333333,* 1.5,2.37406,8323.93422,747.8224671,1.09375,17.94737,0
Guinea-Bissau,2019,1517,127.4233333,0.185,0.004908,72.75,0.57325,,27.36666667,* 1.5,2.34096,8131.33736,812.6920402,1.09375,17.94737,1
Guinea-Bissau,2020,2159,162.3975,0.193333333,0.005453375,73.75,0.565666667,,27.7,* 1.5,2.28895,7947.32908,758.5819864,1.09375,17.94737,7
Guinea-Bissau,2021,1578,130.8808333,0.194166667,0.005409542,90.33333333,0.58825,,27.675,* 1.5,2.239039,7771.36263,736.2792037,1.09375,17.94737,6
Guinea-Bissau,2022,1863,163.8983333,0.201666667,0.00566925,109.5833333,0.60225,,27.25,* 1.5,2.242354,7599.04043,822.7195733,1.09375,17.94737,13
Guinea-Bissau,2023,1526,140.7733333,0.198333333,0.006850958,132.6666667,0.609166667,,27.55833333,* 1.5,2.245292,,800.8726142,,,10
Guinea-Bissau,2024,2233,158.2933333,0.195833333,0.003928458,140,0.568,,27.71666667,,2.205206,,,,,6
Guinea-Bissau,2025,1956,175.9875,0.200833333,0.003516417,175.3333333,0.580333333,,27.16666667,,,,,,,4
Ivory Coast (Côte d'Ivoire),2001,1110,60.8225,0.234166667,,,0.628166667,33504.64,26.21666667,,2.675393,,,1.86996356,,21
Ivory Coast (Côte d'Ivoire),2002,1235,71.85,0.24,,-6.777777778,0.648333333,33506.91833,26.41666667,,2.583964,,,1.90650703,,120
Ivory Coast (Côte d'Ivoire),2003,1312,66.76416667,0.239166667,0.002476417,-8.583333333,0.6695,33471.86583,26.625,,2.492279,,,1.94305049,,132
Ivory Coast (Côte d'Ivoire),2004,1171,63.11166667,0.240833333,0.002516583,-7.833333333,0.647833333,33477.54583,26.58333333,,2.424971,,,1.97959396,,63
Ivory Coast (Côte d'Ivoire),2005,1226,68.30166667,0.240833333,0.003183208,-11.66666667,0.661666667,33453.48667,26.63333333,,2.38749,,,2.01613743,,36
Ivory Coast (Côte d'Ivoire),2006,1138,57.73583333,0.239166667,0.002177583,-25.5,0.671166667,33441.1675,26.675,,2.355598,,,1.96014807,,15
Ivory Coast (Côte d'Ivoire),2007,1299,70.71166667,0.235,0.002177583,-30.16666667,0.656916667,33441.45833,26.71666667,,2.327121,,,1.90279947,,4
Ivory Coast (Côte d'Ivoire),2008,1361,70.81916667,0.234166667,0.002416292,18.58333333,0.65725,33400.56917,26.59166667,,2.274777,,,1.84613049,,14
Ivory Coast (Côte d'Ivoire),2009,1203,65.20583333,0.243333333,0.002402125,20.25,0.6735,33498.8125,26.65,,2.222452,,,1.79048094,,2
Ivory Coast (Côte d'Ivoire),2010,1355,62.98333333,0.239166667,0.002247208,35.75,0.679833333,33462.91333,26.975,,2.203591,,,1.7348314,,52
Ivory Coast (Côte d'Ivoire),2011,1177,66.7325,0.238333333,0.002223,46.75,0.673916667,33461.51417,26.575,,2.172658,,,1.67918185,,211
Ivory Coast (Côte d'Ivoire),2012,1255,75.69833333,0.239166667,0.002054958,37.91666667,0.659166667,33439.61,26.48333333,,2.08872,,,1.62421193,,62
Ivory Coast (Côte d'Ivoire),2013,1132,64.2525,0.235,0.00222675,34.83333333,0.670333333,33451.22083,26.64166667,,1.99428,,,1.56822257,,63
Ivory Coast (Côte d'Ivoire),2014,1312,64.60166667,0.234166667,0.003330042,33.75,0.668916667,33490.14333,26.64166667,,2.424935,,,1.51223321,,50
Ivory Coast (Côte d'Ivoire),2015,1151,66.87333333,0.2275,0.003017375,17.41666667,0.655333333,33452.37333,26.7,,2.889062,,,1.51223321,,23
Ivory Coast (Côte d'Ivoire),2016,1197,77.58333333,0.228333333,0.003165042,-13.33333333,0.64625,33788.6275,27.06666667,,2.900768,,,1.51223321,,28
Ivory Coast (Côte d'Ivoire),2017,1277,73.96916667,0.226666667,0.002573792,2.083333333,0.6565,34201.72167,26.91666667,,2.822372,,,1.51223321,,36
Ivory Coast (Côte d'Ivoire),2018,1417,81.11333333,0.2325,0.002457292,16.5,0.659833333,34939.70917,26.66666667,,2.696968,,,1.51223321,,38
Ivory Coast (Côte d'Ivoire),2019,1425,78.51666667,0.2325,0.002782833,21.5,0.675166667,35444.53667,26.89166667,,2.619168,,,1.51223321,,74
Ivory Coast (Côte d'Ivoire),2020,1150,73.96,0.226666667,0.002479042,25.08333333,0.6665,34152.26667,26.98333333,,2.530198,,,1.51223321,,164
Ivory Coast (Côte d'Ivoire),2021,1236,74.47083333,0.230833333,0.002731292,10.5,0.6725,32904.32917,27.00833333,,2.473987,,,1.51223321,,109
Ivory Coast (Côte d'Ivoire),2022,1256,64.86,0.231666667,0.00314575,37.5,0.6735,33732.82417,26.625,,2.516229,,,1.51223321,,73
Ivory Coast (Côte d'Ivoire),2023,1163,64.835,0.234166667,0.002463958,54.33333333,0.685833333,34026.23417,27.20833333,,2.503847,,,,,72
Ivory Coast (Côte d'Ivoire),2024,1044,65.68083333,0.228333333,0.003492208,39.25,0.676666667,34555.005,27.275,,2.436182,,,,,79
Ivory Coast (Côte d'Ivoire),2025,1046,60.26833333,0.234833333,0.003703458,25.41666667,0.667083333,34227.5025,26.93333333,,,,,,,93
Kenya,2001,550,56.19833333,0.1675,,,0.346333333,211425.0683,24.5,* 12.86,3.136292,654.666141,402.9092306,8.75981667,25.3514,149
Kenya,2002,610,76.01916667,0.176666667,,33.77777778,0.36525,210048.7142,24.575,* 14.95,3.146264,634.389268,400.6766089,9.98377307,22.49283,168
Kenya,2003,521,78.4725,0.173333333,0.018977917,41.16666667,0.363333333,204971.4533,24.75833333,* 17.04,3.085289,615.115382,394.7810675,11.2077295,20.25862,92
Kenya,2004,556,75.3325,0.173333333,0.018908208,2.916666667,0.354166667,200752.68,24.75833333,* 19.13,3.104825,596.310566,435.5617012,11.8274672,23.37496,70
Kenya,2005,441,50.8475,0.1625,0.018872783,-12.16666667,0.330916667,198792.4925,25.08333333,* 20.18,3.072231,578.269084,457.7788188,12.447205,26.18097,118
Kenya,2006,754,74.75666667,0.175833333,0.018767533,-23,0.363916667,198075.565,24.85,* 21.24,3.047049,560.914684,518.564735,13.0669427,28.72082,97
Kenya,2007,562,77.79083333,0.180833333,0.019053667,42.16666667,0.38375,206382.1942,24.85833333,* 22.3,3.022209,544.216271,695.3337068,13.6866805,31.03066,270
Kenya,2008,499,50.5675,0.171666667,0.019162167,10.5,0.349,210409.7017,24.78333333,* 23.36,3.029649,527.975684,837.0000909,14.3064182,33.14038,271
Kenya,2009,443,40.56,0.158333333,0.018916583,-15.66666667,0.31225,206730.6667,25.225,* 24.41,3.021109,512.263502,914.4813258,14.926156,35.0749,96
Kenya,2010,596,61.8075,0.176666667,0.019131542,21.08333333,0.357333333,207275.3742,25,* 25.47,2.901588,497.613295,1049.459581,15.5458937,36.85519,99
Kenya,2011,611,47.8375,0.166666667,0.019123417,-1.583333333,0.349416667,208384.6492,25,* 26.53,2.750137,484.114711,1094.879473,15.5478261,36.85519,105
Kenya,2012,583,61.59916667,0.165,0.019184917,38,0.358416667,211307.8133,24.84166667,* 26.53,2.608074,471.651866,1099.985,15.5497585,36.85519,249
Kenya,2013,671,75.67083333,0.170833333,0.01931925,62.66666667,0.36575,214765.9975,24.7,* 26.54,2.472108,460.135065,1288.653609,15.5516908,36.85519,376
Kenya,2014,544,55.00916667,0.169166667,0.019452917,43.66666667,0.348083333,218836.8492,24.98333333,* 26.54,2.339012,449.497345,1372.411158,15.5536232,36.85519,249
Kenya,2015,650,65.92333333,0.1625,0.01946475,44.58333333,0.348,218183.7025,25.225,* 26.54,2.227033,439.597536,1480.775957,15.5555556,36.85519,147
Kenya,2016,488,72.965,0.160833333,0.019388917,59.16666667,0.339833333,212591.5858,25.20833333,* 26.55,2.207757,429.998641,1482.6486,19.4782609,12.27679,139
Kenya,2017,500,49.79166667,0.150833333,0.019174,17.91666667,0.3215,210403.5042,25.325,* 33.24,2.174129,420.750812,1543.594283,19.4782609,12.27679,482
Kenya,2018,780,106.65,0.18,0.019643083,85.91666667,0.382,216943.275,24.60833333,* 33.24,2.030837,412.292228,1652.591036,19.4782609,12.27679,371
Kenya,2019,726,64.77,0.1675,0.01944925,46.5,0.374666667,217533.1658,25.375,* 33.24,1.963815,404.274553,1814.60236,19.4782609,12.27679,258
Kenya,2020,801,104.6841667,0.1925,0.020140383,180.1666667,0.421,229635.7125,24.96666667,* 33.24,1.961976,396.420085,1930.795499,19.4782609,12.27679,319
Kenya,2021,404,53.645,0.1625,0.020092,141.5833333,0.340833333,238535.1125,25.3,* 33.24,1.900409,388.957617,1892.915703,19.4782609,12.27679,388
Kenya,2022,349,61.95416667,0.155,0.019923042,90.16666667,0.321833333,240137.0442,25.20833333,* 33.24,1.922976,381.549512,2009.774236,19.4782609,12.27679,993
Kenya,2023,627,63.82666667,0.17,0.020133333,119,0.374833333,240501.2225,25.14166667,* 33.24,1.98296,,2024.216137,,,1107
Kenya,2024,639,91.03416667,0.186666667,0.020265625,197.75,0.411333333,250472.7608,25.55,,1.957514,,,,,1085
Kenya,2025,510,73.36666667,0.183333333,0.020025958,173.1666667,0.381833333,259102.4925,25.31666667,,,,,,,1369
Lesotho,2001,940,,0.273333333,,,0.375916667,68.29416667,11.86666667,* 2.57,-0.15282,2613.88518,437.8867363,0.8374761,45.6621,0
Lesotho,2002,870,,0.273333333,,51.55555556,0.364666667,54.08416667,12,* 2.57,-0.30905,2621.97577,405.8956179,0.8374761,45.6621,2
Lesotho,2003,716,,0.2475,0.000079,-14.58333333,0.348666667,372.9125,12.61666667,* 2.57,-0.48345,2634.68239,381.637223,0.8374761,45.6621,2
Lesotho,2004,852,,0.258333333,6.20E-05,-18.08333333,0.363166667,615.8925,12.33333333,* 2.57,-0.70422,2653.30174,572.0351263,0.8374761,45.6621,1
Lesotho,2005,808,,0.26,8.79E-05,-11,0.361916667,854.7225,12.725,* 2.57,-0.92009,2677.82718,751.0668626,0.8374761,45.6621,0
Lesotho,2006,992,,0.285,9.89E-05,53.16666667,0.3825,898.9866667,11.69166667,* 2.57,-0.41112,2688.85892,840.753865,0.8374761,45.6621,3
Lesotho,2007,694,,0.2425,9.02E-05,-9.083333333,0.340416667,823.6516667,12.33333333,* 2.57,0.42095,2677.56396,903.2079391,0.8374761,45.6621,1
Lesotho,2008,716,,0.255833333,0.0001185,-0.166666667,0.362583333,790.2258333,12.5,* 2.57,0.677229,2659.49197,845.9117495,0.8374761,45.6621,0
Lesotho,2009,717,,0.260833333,0.000102667,0.333333333,0.367,824.2133333,12.20833333,* 2.57,0.726654,2640.2367,889.1769685,0.8374761,45.6621,2
Lesotho,2010,802,,0.2525,0.000108708,9.166666667,0.363083333,774.1533333,12.975,* 2.57,0.772822,2619.91102,875.3879248,0.8374761,45.6621,1
Lesotho,2011,818,,0.27,0.000126125,69,0.370916667,853.4075,11.69166667,* 2.57,0.885634,2596.81064,1121.359709,0.8374761,45.6621,0
Lesotho,2012,780,,0.255,0.00010375,33.08333333,0.36375,902.9675,12.20833333,* 2.57,1.005106,2570.84067,1289.892718,0.8374761,45.6621,15
Lesotho,2013,656,,0.24,9.15E-05,9.083333333,0.348333333,765.0608333,12.65833333,* 2.57,1.082913,2543.1509,1233.042878,0.8374761,45.6621,0
Lesotho,2014,760,,0.240833333,4.82E-05,3.416666667,0.36425,777.5191667,12.61666667,* 2.57,1.140323,2514.31549,1170.786813,0.8374761,45.6621,3
Lesotho,2015,583,,0.2325,0.00008775,-29.66666667,0.336583333,655.1775,13.61666667,* 2.57,1.171997,2485.0198,1198.921622,0.8374761,45.6621,5
Lesotho,2016,773,,0.2425,8.67E-05,-34.75,0.353416667,630.0825,13.325,* 2.57,1.218943,2454.91269,1150.373978,0.8374761,45.6621,5
Lesotho,2017,712,,0.239166667,5.31E-05,-11.41666667,0.3555,834.0725,12.83333333,* 2.57,1.244928,2424.54024,1022.909949,0.8374761,45.6621,2
Lesotho,2018,689,,0.246666667,7.17E-05,-2.666666667,0.357333333,515.6875,12.75,* 2.57,1.22069,2395.12402,1107.224984,0.8374761,45.6621,0
Lesotho,2019,603,,0.225,1.37E-05,-36.25,0.344666667,549.4558333,14,* 2.57,1.174698,2367.15315,1217.26113,0.8374761,45.6621,6
Lesotho,2020,887,,0.245,1.86E-05,-4.583333333,0.376166667,316.5508333,12.69166667,* 2.57,1.184321,2339.28382,1150.771205,0.8374761,45.6621,11
Lesotho,2021,935,,0.258333333,5.45E-05,14.16666667,0.38,524.0141667,12.325,* 2.57,1.148043,2312.58142,992.4691035,0.8374761,45.6621,13
Lesotho,2022,1008,,0.2775,0.000144542,80.83333333,0.404666667,793.3266667,12.6,* 2.57,1.08048,2287.72894,1099.09234,0.8374761,45.6621,15
Lesotho,2023,853,,0.255,0.000124958,69.66666667,0.387166667,753.0525,12.725,* 2.57,1.103287,,1168.434681,,,11
Lesotho,2024,603,,0.2275,0.0000685,19.58333333,0.358166667,879.4941667,13.5,,1.116449,,,,,8
Lesotho,2025,1023,,0.271833333,0.000154542,22.75,0.41075,837.2875,12.8,,,,,,,1
Liberia,2001,2450,200.7075,0.284166667,,,0.695583333,80.85166667,25.49166667,* 0.24,2.935238,66327.556,315.0135304,0.06691,54.49111,166
Liberia,2002,2706,203.0883333,0.290833333,,8.222222222,0.742416667,99.5275,25.625,* 0.24,2.600554,64624.9073,312.2392621,0.06842,54.61853,138
Liberia,2003,2723,233.3708333,0.290833333,0.006527667,-13.41666667,0.763583333,65.69,25.75833333,* 0.25,0.796552,64112.1809,310.0730595,0.06993,54.74045,229
Liberia,2004,2663,240.8433333,0.290833333,0.008565958,-14.25,0.755583333,73.09916667,25.75,* 0.25,1.190501,63353.4502,245.1570021,0.07144,54.85722,17
Liberia,2005,2716,223.4208333,0.291666667,0.011171708,-1.833333333,0.758583333,107.1533333,25.8,* 0.26,4.4642,60587.4254,288.7480022,0.07295,54.96916,18
Liberia,2006,2526,193.11,0.290833333,0.008873792,-1.333333333,0.765166667,122.3316667,25.81666667,* 0.26,5.589722,57293.6705,298.6885088,0.07295,54.96916,15
Liberia,2007,2685,213.2458333,0.2925,0.009871625,-20,0.748666667,81.03416667,25.85,* 0.26,4.980556,54510.023,341.7713284,0.07295,54.96916,5
Liberia,2008,2731,201.5233333,0.2875,0.008322458,3.5,0.753083333,110.1708333,25.73333333,* 0.26,4.058018,52342.2777,404.2865564,0.07295,54.96916,9
Liberia,2009,2195,221.5291667,0.288333333,0.008710083,-9,0.762333333,138.1208333,25.75,* 0.26,3.1436,50722.4397,488.220755,0.07295,54.96916,6
Liberia,2010,2806,237.2241667,0.29,0.008770458,5.5,0.774916667,108.9266667,25.93333333,* 0.26,2.896058,49274.5554,480.22638,0.07295,54.96916,6
Liberia,2011,2358,210.3158333,0.29,0.002098625,0.416666667,0.770916667,79.36833333,25.64166667,* 0.26,3.92047,47380.1389,522.5842445,0.07295,54.96916,17
Liberia,2012,2485,217.7016667,0.288333333,0.0013215,-3,0.758916667,84.49083333,25.6,* 0.26,3.534487,45734.7435,606.3333772,0.07295,54.96916,3
Liberia,2013,2382,187.2166667,0.2875,0.008358,0.75,0.775166667,150.4508333,25.83333333,* 0.26,2.198277,44740.3371,684.7432483,0.07295,54.96916,13
Liberia,2014,2586,225.0708333,0.288333333,0.007922125,13.58333333,0.774916667,113.1441667,25.7,* 0.26,2.082175,43818.3964,757.8356923,0.07295,54.96916,35
Liberia,2015,2333,213.0133333,0.285,0.008325917,10,0.75225,68.9,25.9,* 0.26,2.062971,42923.696,749.3884716,0.07295,54.96916,13
Liberia,2016,2488,211.3091667,0.285833333,0.009435667,-16.08333333,0.767333333,104.8891667,26.29166667,* 0.26,2.043122,42055.611,730.7140179,0.07295,54.96916,24
Liberia,2017,2933,225.88,0.286666667,0.012448792,3.083333333,0.764166667,111.2525,26.24166667,* 0.26,1.943248,41246.2556,750.2324815,0.07295,54.96916,22
Liberia,2018,2944,244.3166667,0.288333333,0.008014583,11.91666667,0.770833333,98.0575,26.05833333,* 0.26,1.956452,40447.135,729.9715822,0.07295,54.96916,12
Liberia,2019,3106,230.3108333,0.284166667,0.006762458,8.5,0.776833333,191.7333333,26.40833333,* 0.26,1.982255,39653.2639,718.903022,0.07295,54.96916,23
Liberia,2020,2486,219.5491667,0.281666667,0.008462667,3.916666667,0.77025,223.12,26.45,* 0.26,2.074833,38839.0013,680.4317454,0.07295,54.96916,47
Liberia,2021,2928,229.24,0.285833333,0.008462583,-14.33333333,0.793833333,146.2575,26.35,* 0.26,2.110987,38027.7081,608.2575641,0.07295,54.96916,15
Liberia,2022,2685,234.1891667,0.283333333,0.0088505,6.583333333,0.78075,114.4291667,26.23333333,* 0.26,2.143882,37221.1161,684.4560213,0.07295,54.96916,28
Liberia,2023,2556,236.3075,0.280833333,0.008699292,12.08333333,0.783666667,90.10583333,26.625,* 0.26,2.203907,,760.8195209,,,27
Liberia,2024,2530,186.3975,0.269166667,0.009835958,12.16666667,0.76625,111.3441667,26.90833333,,2.157253,,,,,13
Liberia,2025,2746,221.9216667,0.26875,0.010076333,22.33333333,0.761333333,139.1758333,26.36666667,,,,,,,27
Libya,2001,16,22.97166667,0.0875,,,0.107583333,33.1875,22.43333333,* 615.43,1.841888,129.542332,7197.675406,631.957143,14.10079,0
Libya,2002,24,33.05166667,0.086666667,,21.22222222,0.108583333,32.87083333,22.31666667,* 631.96,1.92034,127.078413,6315.973389,648.485714,14.10079,3
Libya,2003,23,24.21916667,0.089166667,1.53E-05,12,0.109583333,34.38333333,22.225,* 648.49,1.994853,124.568504,3732.439701,665.014286,14.10079,2
Libya,2004,23,17.4525,0.088333333,0.000021375,-2.083333333,0.109333333,34.1675,22.20833333,* 665.01,2.065837,122.02152,4710.318284,681.542857,14.10079,5
Libya,2005,35,21.315,0.09,0.000018375,0.666666667,0.10925,32.84916667,22.46666667,* 681.54,2.106155,119.478432,5846.214618,698.071429,14.10079,2
Libya,2006,34,17.35166667,0.09,2.30E-05,-1.583333333,0.109416667,33.63,22.38333333,* 698.07,2.051139,117.052726,8225.322201,715.081633,13.75244,0
Libya,2007,26,21.89666667,0.088333333,2.91E-05,1.083333333,0.10975,32.09083333,22.59166667,* 715.08,2.055069,114.67176,10284.63945,732.091837,13.42268,1
Libya,2008,36,19.08666667,0.09,2.45E-05,0.916666667,0.109333333,33.98083333,22.68333333,* 732.09,2.1241,112.261704,11470.37509,749.102041,13.11007,3
Libya,2009,44,17.91666667,0.088333333,3.35E-05,-8.166666667,0.109333333,34.8325,22.65,* 749.1,2.083154,109.94731,14410.97803,766.112245,12.8133,2
Libya,2010,15,14.75916667,0.085833333,2.13E-05,-12.58333333,0.108416667,34.49416667,24.03333333,* 766.11,2.039058,107.728123,9974.052788,783.122449,12.5312,4
Libya,2011,35,19.40833333,0.088333333,0.0000475,-10.58333333,0.110333333,36.05,21.95,* 783.12,-2.40858,110.354343,12225.05881,800.132653,12.26271,612
Libya,2012,26,22.7475,0.086666667,3.21E-05,-17.75,0.110416667,33.80333333,22.475,* 800.13,-2.61743,113.280926,7740.82032,817.142857,12.00686,172
Libya,2013,22,20.37083333,0.083333333,0.000033625,-22.25,0.108916667,32.74833333,22.85833333,* 817.14,2.007444,111.029548,14767.09902,817.142857,12.00686,366
Libya,2014,20,20.24416667,0.080833333,3.05E-05,-18.58333333,0.10925,31.99583333,22.9,* 817.14,1.926311,108.911242,11954.43605,817.142857,12.00686,1333
Libya,2015,29,25.23916667,0.085833333,0.000018375,-18.91666667,0.109416667,35.09166667,22.275,* 817.14,1.613839,107.167697,9047.317654,817.142857,12.00686,1151
Libya,2016,14,24.80833333,0.083333333,1.83E-05,-23.08333333,0.108833333,34.05333333,23.225,* 817.14,1.523995,105.546849,7623.53613,817.142857,12.00686,1011
Libya,2017,36,26.59166667,0.085,2.90E-05,-27.16666667,0.1095,34.16333333,21.81666667,* 817.14,1.5952,103.876523,7731.787912,817.142857,12.00686,801
Libya,2018,28,25.535,0.084166667,2.90E-05,-31.16666667,0.10975,32.39666667,23.65,* 817.14,1.623327,102.203881,10273.74255,817.142857,12.00686,599
Libya,2019,33,34.05333333,0.085,0.000035125,-34.66666667,0.111416667,33.65,22.675,* 817.14,1.47796,100.704456,11566.4429,817.142857,12.00686,1253
Libya,2020,28,29.75833333,0.086666667,3.52E-05,-25.33333333,0.110916667,34.68833333,22.6,* 817.14,1.34845,99.355622,10292.78723,817.142857,12.00686,1155
Libya,2021,13,22.64916667,0.083333333,0.000030625,-36.16666667,0.10975,35.82583333,23.325,* 817.14,1.2662,98.1055125,6858.721452,817.142857,12.00686,107
Libya,2022,18,30.79416667,0.086666667,0.000026,-38.83333333,0.109083333,32.84833333,22.63333333,* 817.14,1.234504,96.9018405,5829.258638,817.142857,12.00686,118
Libya,2023,19,23.74666667,0.08,0.000036625,-32.58333333,0.108833333,30.9325,23.06666667,* 817.14,1.126743,,6698.646157,,,75
Libya,2024,22,22.68333333,0.0825,5.44E-05,-16.83333333,0.10825,34.3075,23.925,,1.026299,,,,,227
Libya,2025,19,22.18083333,0.084583333,3.44E-05,-3.416666667,0.10825,33.8025,23.20833333,,,,,,,359
Madagascar,2001,1247,5196.72,2.62,,,6.15,22583.9,23.36666667,* 11.19,3.079898,19785.1939,298.1611995,3.97245697,1.868653,1
Madagascar,2002,1451,5111.75,2.69,,-341,6.176,21848.53,23.425,* 11.2,2.989994,19202.3744,339.5583514,3.97767359,1.950949,29
Madagascar,2003,1530,5353.73,2.71,0.025607,-66,6.193,23262.74,23.4,* 11.22,2.930671,18647.7823,324.0490015,3.98289021,2.033029,8
Madagascar,2004,1608,5143.91,2.74,0.02401,19,6.148,23596.14,23.39166667,* 11.23,2.916109,18111.845,374.3190749,3.98810682,2.114894,18
Madagascar,2005,1223,4534.34,2.67,0.024625,96,6.097,23208.6,23.41666667,* 11.25,2.929269,17588.9955,288.7121842,3.99332344,2.196545,8
Madagascar,2006,1201,4674.57,2.6,0.0234565,-347,6,22602.8,23.64166667,* 11.26,2.937691,17079.801,324.2172167,3.99332344,2.913645,7
Madagascar,2007,1645,4803.09,2.73,0.0241625,292,6.188,23352.16,23.45833333,* 11.26,2.93495,16585.8023,343.6573161,3.99332344,2.913645,11
Madagascar,2008,1408,4692.72,2.66,0.023946,-42,6.067,23248.69,23.23333333,* 11.26,2.935329,16106.0303,444.9369503,3.99332344,2.913645,1
Madagascar,2009,1366,4814.38,2.65,0.0241635,-104,6.042,23236.32,23.6,* 11.26,2.936041,15640.0251,543.966634,3.99332344,2.913645,30
Madagascar,2010,1376,4419.7,2.6,0.0216575,-325,5.897,22155.87,23.85,* 11.26,2.909197,15191.5807,474.084731,3.99332344,2.913645,9
Madagascar,2011,1354,4908.03,2.66,0.021657,-330,6.085,22641.33,23.6,* 11.26,2.839657,14766.2593,478.4940283,3.99332344,2.913645,2
Madagascar,2012,1490,4746.89,2.69,0.0206885,-323,6.113,22943.94,23.48333333,* 11.26,2.766263,14363.3837,538.5403686,3.99332344,2.913645,45
Madagascar,2013,1244,4486.76,2.58,0.0214895,-476,5.914,22733.23,23.48333333,* 11.26,2.719648,13978.0143,525.1961842,3.99332344,2.913645,51
Madagascar,2014,1370,4388.82,2.58,0.0220865,-535,5.87,23832.42,23.575,* 11.26,2.680779,13608.2727,548.3445641,3.99332344,2.913645,72
Madagascar,2015,1735,4787.6,2.69,0.0249005,-125,6.021,23851.78,23.625,* 11.26,2.639484,13253.7834,537.9702203,3.99332344,2.913645,55
Madagascar,2016,1267,4272.33,2.59,0.0217025,-42,5.935,22626.2,23.575,* 11.26,2.613359,12911.9011,473.4766065,3.99332344,2.913645,56
Madagascar,2017,1416,4595.62,2.59,0.0195825,-694,5.914,22351.45,23.84166667,* 11.26,2.603455,12580.0837,482.3170183,3.99332344,2.913645,141
Madagascar,2018,1415,4475.02,2.57,0.0203355,-433,5.816,23549.6,23.60833333,* 11.26,2.603345,12256.8069,522.1398552,3.99332344,2.913645,78
Madagascar,2019,1461,4496.96,2.64,0.0200555,-638,6.053,22694.57,24.05,* 11.26,2.601366,11942.0739,530.8807403,3.99332344,2.913645,251
Madagascar,2020,1300,3812.65,2.54,0.0203335,-540,5.761,23202.64,23.79166667,* 11.26,2.567789,11639.3302,529.877745,3.99332344,2.913645,235
Madagascar,2021,1129,4250.47,2.51,0.0189825,-1016,5.698,22479.9,23.775,* 11.26,2.515374,11350.2091,477.5127037,3.99332344,2.913645,216
Madagascar,2022,1395,4709.61,2.59,0.018814,-1020,5.73,23382.81,23.41666667,* 11.26,2.482078,11071.9555,518.0806479,3.99332344,2.913645,225
Madagascar,2023,1423,4838.11,2.63,0.0221785,-429,5.859,23610.88,24.025,* 11.26,2.462015,,517.8977291,,,488
Madagascar,2024,1414,4235.39,2.52,0.025458,-483,5.783,22872.6,24.2,,2.435248,,,,,476
Madagascar,2025,1442,4504.89,2.607,0.0285075,-229,5.958,21113.93,23.9,,,,,,,314
Malawi,2001,1082,671.84,2.83,,,5.363,92182344.5,22.06666667,* 15.95,2.419394,1392.21248,230.6152241,7.97481413,9.657107,15
Malawi,2002,1082,1079.51,2.85,,116,5.421,92348468,22.05833333,* 16.61,2.448688,1358.53554,221.2283403,8.29008674,9.641111,8
Malawi,2003,1119,969.95,2.86,2.28704,642,5.597,92447910,21.95833333,* 17.26,2.503113,1324.95193,439.5483699,8.32887237,9.945845,7
Malawi,2004,1172,1107.79,2.92,2.30209,-25,5.592,92324029,21.7,* 17.34,2.586312,1291.12388,393.8058627,8.36765799,10.24775,2
Malawi,2005,788,702.32,2.63,2.29294,-351,5.127,92237215,22.5,* 17.42,2.678011,1257.00631,416.2932402,8.40644362,10.54688,2
Malawi,2006,1174,1158.59,2.89,2.30825,-666,5.61,92119282,21.96666667,* 17.5,2.75507,1222.84761,426.8201859,8.40644362,10.54688,2
Malawi,2007,1193,810.51,2.89,2.315434,269,5.54,92212461.5,21.975,* 17.5,2.821038,1188.83266,454.5086835,8.40644362,10.54688,3
Malawi,2008,1059,915.24,2.77,2.30118,380,5.385,92287332,21.725,* 17.5,2.904262,1154.80241,490.2409975,8.40644362,10.54688,4
Malawi,2009,1035,1025.45,2.85,2.27506,450,5.491,92341889.5,21.96666667,* 17.5,2.956425,1121.16127,572.0796383,8.40644362,10.54688,3
Malawi,2010,1078,1062.19,2.82,2.287745,156,5.539,92283842.5,22.36666667,* 17.5,2.947796,1088.59409,646.8125026,8.40644362,10.54688,2
Malawi,2011,1018,1190.07,2.79,2.261855,-228,5.502,92189164,22.24166667,* 17.5,2.915044,1057.31914,706.5166416,8.40644362,10.54688,16
Malawi,2012,1113,766.16,2.77,2.25431,-473,5.356,92111373,22.175,* 17.5,2.870646,1027.39876,789.5654297,8.40644362,10.54688,4
Malawi,2013,1082,1026.02,2.76,2.289644,-896,5.277,92050073,22.29166667,* 17.5,2.83809,998.650152,577.9353934,8.40644362,10.54688,7
Malawi,2014,1087,704.44,2.76,2.276355,-642,5.196,92031943,22.35,* 17.5,2.80479,971.029275,514.2025899,8.40644362,10.54688,16
Malawi,2015,999,737.59,2.69,2.24056,-1040,5.108,91929405.5,22.66666667,* 17.5,2.753592,944.655867,547.8139429,8.40644362,10.54688,20
Malawi,2016,978,576.11,2.6,2.19042,-1623,5.095,91804645,22.74166667,* 17.5,2.725958,919.252758,558.103211,8.40644362,10.54688,23
Malawi,2017,1214,834.39,2.8,2.219495,-960,5.442,91756106,22.44166667,* 17.5,2.708089,894.692627,465.9294816,8.40644362,10.54688,28
Malawi,2018,1169,838.23,2.73,2.17999,-727,5.303,91817981.5,22.35833333,* 17.5,2.671176,871.110181,512.8286337,8.40644362,10.54688,29
Malawi,2019,1315,1085.44,2.74,2.25185,-629,5.403,91845941.5,22.50833333,* 17.5,2.650596,848.323893,551.7265059,8.40644362,10.54688,29
Malawi,2020,1059,654.8,2.61,2.23584,10,5.187,92031857,22.575,* 17.5,2.635737,826.256401,599.5967445,8.40644362,10.54688,113
Malawi,2021,1046,546.55,2.66,2.22213,-127,5.218,92105777,22.36666667,* 17.5,2.594158,805.097635,638.5406987,8.40644362,10.54688,101
Malawi,2022,1349,826.58,2.76,2.021946,59,5.128,92198576,22.06666667,* 17.5,2.567948,784.686345,647.6654276,8.40644362,10.54688,86
Malawi,2023,1338,779.82,2.76,2.255084,936,5.228,92421242.5,22.80833333,* 17.5,2.571357,,656.4897118,,,93
Malawi,2024,1054,479.61,2.58,2.275395,718,4.87,92563565,22.83333333,,2.576415,,,,,75
Malawi,2025,1265,938.5,2.628,2.212404,666,5.107,92439006,22.33333333,,,,,,,82
Mali,2001,225,45757.11626,1.29,,,2.211,149167.59,28.88333333,* 7.45,3.007012,5036.87073,274.3253132,8.47096491,1.691019,4
Mali,2002,226,44504.68371,1.26,,8,2.122,139380.42,29.10833333,* 7.84,3.106769,4882.79263,312.1714613,8.5054386,1.766671,1
Mali,2003,308,41447.0776,1.37,0.005987,39,2.244,140458.05,29.14166667,* 7.88,3.17894,4730.01284,341.4499122,8.53991228,1.841713,3
Mali,2004,217,40034.4951,1.26,0.0059875,-53,2.204,133205.14,29.05,* 7.91,3.237946,4579.31057,399.4538208,8.57438597,1.916152,3
Mali,2005,262,33820.93071,1.34,0.004652,-75,2.235,130978.92,29.2,* 7.94,3.275223,4431.75747,447.9161986,8.60885965,1.989994,1
Mali,2006,233,43118.56153,1.32,0.00624,-135,2.224,133251.62,28.675,* 7.97,3.280439,4288.73509,496.8612835,8.64333333,2.063247,7
Mali,2007,249,44806.5927,1.27,0.0060135,-56,2.201,122063.7,28.83333333,* 8,3.287961,4150.01617,531.5854699,8.64333333,2.063247,9
Mali,2008,271,41100.67671,1.34,0.0076735,29,2.268,132604.67,28.5,* 8,3.286219,4015.85406,607.3655609,8.64333333,2.063247,21
Mali,2009,270,35537.79253,1.33,0.0073955,-51,2.235,133355.58,29.11666667,* 8,3.257806,3887.13345,708.6257345,8.64333333,2.063247,9
Mali,2010,315,45037.58042,1.38,0.0080245,71,2.255,138433.76,29.94166667,* 8,3.248514,3762.88836,713.0573095,8.64333333,2.063247,14
Mali,2011,218,38940.20616,1.26,0.0064405,54,2.227,134240.57,29.20833333,* 8,3.232508,3643.19761,721.3972421,8.64333333,2.063247,19
Mali,2012,280,43563.47308,1.35,0.0061125,113,2.315,135137.32,28.55833333,* 8,2.919987,3538.35485,850.2493671,8.64333333,2.063247,172
Mali,2013,231,41376.58157,1.28,0.006489,69,2.288,126755.32,28.95833333,* 8,2.920783,3436.50189,790.0551207,8.64333333,2.063247,236
Mali,2014,225,36569.72494,1.27,0.0060125,107,2.222,141437.71,28.875,* 8,3.160657,3329.58441,816.6129701,8.64333333,2.063247,116
Mali,2015,267,30392.46958,1.29,0.0051825,157,2.236,130412.52,28.83333333,* 8,3.128928,3227.0171,860.4837951,8.64333333,2.063247,155
Mali,2016,263,37882.83646,1.29,0.0064165,189,2.268,140735.55,29.44166667,* 8,3.167013,3126.41845,762.4117322,8.64333333,2.063247,144
Mali,2017,239,33195.41458,1.27,0.005107,211,2.228,140845.05,29.26666667,* 8,3.188236,3028.31306,792.2732518,8.64333333,2.063247,415
Mali,2018,294,24034.2563,1.28,0.005736,191,2.217,137445.61,29.2,* 8,3.125423,2935.12924,842.363707,8.64333333,2.063247,585
Mali,2019,302,31248.0124,1.28,0.006567,230,2.293,138874.57,28.93333333,* 8,3.018145,2847.86627,908.1497417,8.64333333,2.063247,600
Mali,2020,291,32037.36147,1.33,0.0077225,348,2.344,145772.51,29.40833333,* 8,3.017514,2763.21512,892.1015162,8.64333333,2.063247,1006
Mali,2021,191,39533.84256,1.24,0.0071195,355,2.313,132226.88,29.96666667,* 8,3.060358,2679.93173,875.192963,8.64333333,2.063247,1025
Mali,2022,260,41076.65214,1.33,0.00634,389,2.368,132272.43,29.075,* 8,3.009426,2600.48265,939.6907395,8.64333333,2.063247,1360
Mali,2023,204,45964.34569,1.27,0.0059625,373,2.358,132447.56,29.7,* 8,2.974005,,889.7934709,,,1592
Mali,2024,338,42962.30006,1.36,0.0099795,609,2.377,123929.22,29.83333333,,2.941151,,,,,1488
Mali,2025,250,59244.31035,1.285,0.0109585,1226,2.423,140974.23,29.73333333,,,,,,,1594
Mauritania,2001,56,,0.9,,,1.339,5416.31,28.60833333,* 15.71,2.468626,149.322821,685.462458,383.7875,5.191426,0
Mauritania,2002,42,,0.89,,-37,1.286,4938.09,28.11666667,* 15.08,2.211292,146.057097,654.788248,367.775,5.681895,0
Mauritania,2003,123,,1,0.00024,34,1.335,5179.73,28.25,* 14.45,2.288294,142.752831,648.4281337,351.7625,6.216955,6
Mauritania,2004,54,,0.9,0.00018,-11,1.353,5312.54,27.94166667,* 13.82,2.349655,139.437731,727.8869613,335.75,6.802974,0
Mauritania,2005,88,,0.97,0.0002625,10,1.355,5349.73,28.45833333,* 13.2,2.424305,136.097982,815.0990516,337.05,7.06562,5
Mauritania,2006,69,,0.95,0.0001575,-10,1.365,5452.5,28.05833333,* 13.25,2.506582,132.728974,984.5572173,337.05,7.06562,0
Mauritania,2007,57,,0.89,0.000195,-95,1.373,5424.62,27.93333333,* 13.25,2.600528,129.321814,1277.395607,337.05,7.06562,3
Mauritania,2008,71,,0.94,0.0002625,-100,1.362,5091.07,28.025,* 13.25,2.874809,125.65699,1376.43691,337.05,7.06562,7
Mauritania,2009,88,,0.97,0.0002625,-106,1.363,5281.27,28.28333333,* 13.25,3.128995,121.786066,1602.16256,337.05,7.06562,7
Mauritania,2010,107,,1,0.000345,33,1.383,5239.43,29.38333333,* 13.25,3.191594,117.960522,1409.352051,337.05,7.06562,5
Mauritania,2011,53,,0.89,0.0002175,5,1.357,4364.05,28.375,* 13.25,3.245125,114.194,1634.29808,337.05,7.06562,8
Mauritania,2012,90,,0.95,0.0002325,-50,1.379,4888.14,27.9,* 13.25,3.264135,110.526732,1907.220168,337.05,7.06562,7
Mauritania,2013,76,,0.93,0.0003525,-97,1.387,5267.61,28.33333333,* 13.25,3.135807,107.114606,1841.883995,337.05,7.06562,9
Mauritania,2014,51,,0.89,0.00021,-86,1.342,5042.71,28.28333333,* 13.25,3.012189,103.936221,1919.762321,337.05,7.06562,5
Mauritania,2015,90,,0.94,0.00027,0,1.364,5315.95,28.46666667,* 13.25,3.006059,100.85833,1701.448483,337.05,7.06562,6
Mauritania,2016,71,,0.91,0.0003225,-50,1.395,5172.32,28.81666667,* 13.25,2.997958,97.8795137,1545.939109,337.05,7.06562,4
Mauritania,2017,46,,0.86,0.0001725,76,1.35,5013.45,28.79166667,* 13.25,2.987788,94.9983375,1558.67744,337.05,7.06562,7
Mauritania,2018,62,,0.91,0.0003975,-25,1.339,5255.82,27.71666667,* 13.25,2.973564,92.2150871,1610.054384,337.05,7.06562,4
Mauritania,2019,70,,0.85,0.0005325,-135,1.339,4814.29,27.90833333,* 13.25,2.953473,89.531366,1720.651234,337.05,7.06562,4
Mauritania,2020,68,,0.93,0.00048,-37,1.384,5096.94,29.075,* 13.25,2.920926,86.9540454,1806.518372,337.05,7.06562,12
Mauritania,2021,36,,0.85,0.0003225,-90,1.347,4868.34,29.08333333,* 13.25,2.887033,84.4795448,1832.054437,337.05,7.06562,5
Mauritania,2022,92,,0.94,0.000465,21,1.42,4778.11,28.70833333,* 13.25,2.929565,82.0405621,2125.92064,337.05,7.06562,7
Mauritania,2023,42,,0.82,0.0003825,6,1.401,4913.83,29.14166667,* 13.25,2.966531,,2153.045294,,,9
Mauritania,2024,77,,0.89,0.0008915,211,1.402,4710.84,29.15833333,,2.883959,,,,,12
Mauritania,2025,60,,0.867,0.0007205,737,1.412,5143,28.8,,,,,,,15
Mauritius,2001,1112,,,,,7.448,,23.20833333,* 22.17,0.790048,2299.61539,3950.677976,23.5671877,22.01768,
Mauritius,2002,1297,,,,,7.517,,23.45,* 23.57,0.69424,2283.70583,3878.423812,24.9606204,25.97679,
Mauritius,2003,1294,,,0.605412,,7.507,,23.71666667,* 24.96,0.723662,2267.23918,4041.531559,26.3540531,29.51724,
Mauritius,2004,1369,,,0.4137145,,7.626,,23.475,* 26.35,0.627104,2253.06572,4825.306064,25.736096,30.22599,
Mauritius,2005,1485,,,0.510261,,7.545,,23.5,* 25.74,0.5921,2239.76474,5426.528108,25.1181389,30.96961,
Mauritius,2006,1363,,,0.4477595,,7.359,,23.56666667,* 25.12,0.466404,2229.34272,5323.59459,24.7909851,31.67155,
Mauritius,2007,1345,,,0.427003,,7.351,,23.35,* 24.79,0.455526,2219.21057,5737.458108,22.9007634,31.90476,
Mauritius,2008,1516,,,0.512594,,7.642,,23.29166667,* 22.9,0.361631,2211.19971,6620.685683,27.8444202,31.98433,
Mauritius,2009,1487,,,0.430503,,7.753,,23.69166667,* 27.84,0.265538,2205.33593,8078.949992,22.9734642,35.28481,
Mauritius,2010,1130,,,0.361473,,7.541,,23.74166667,* 22.97,0.237887,2200.09597,7352.19894,23.1552163,36.01236,
Mauritius,2011,1117,,,0.2793845,,7.628,,23.63333333,* 23.16,0.16014,2196.57555,8028.686155,20.7560887,35.90193,
Mauritius,2012,1107,,,0.447763,,7.501,,23.475,* 20.76,0.277321,2190.49242,9218.226295,21.1559433,35.39519,
Mauritius,2013,1212,,,0.415812,,7.553,,23.64166667,* 21.16,0.242166,2185.19422,9317.901734,22.1010542,36.18421,
Mauritius,2014,1404,,,0.5186565,,7.544,,23.9,* 22.1,0.181022,2181.24211,9799.243041,22.5372592,37.74194,
Mauritius,2015,1667,,,0.579526,,7.88,,23.93333333,* 22.54,0.132404,2178.35596,10405.92584,22.2464558,41.66667,
Mauritius,2016,1184,,,0.405083,,7.65,,23.61666667,* 22.25,0.068708,2176.85977,9541.613958,22.5372592,41.05431,
Mauritius,2017,1536,,,0.450559,,7.752,,23.875,* 22.54,0.090167,2174.89784,9990.049217,22.173755,42.20779,
Mauritius,2018,1815,,,0.3980885,,7.778,,23.73333333,* 22.17,0.054535,2173.71207,10856.21527,21.4830971,47.14765,
Mauritius,2019,1340,,,0.437964,,7.861,,24.03333333,* 21.48,0.032233,2173.01153,11640.93111,21.6284987,47.99331,
Mauritius,2020,1409,,,0.54431,,7.558,,23.35,* 21.63,0.002291,2172.96175,11381.20941,22.0647037,48.35526,17
Mauritius,2021,1210,,,0.4965,,7.741,,23.60833333,* 22.06,0.025273,2172.41265,8972.082841,21.9556525,48.76033,22
Mauritius,2022,1301,,,0.566699,,7.468,,23.2,* 21.96,-0.3014,2178.9702,8995.339157,22.9734642,50.55292,31
Mauritius,2023,1669,,,0.55201,,7.771,,23.98333333,* 22.97,-1.10515,,10069.43914,,,13
Mauritius,2024,1496,,,0.8838855,,7.679,,23.8,,-0.22995,,,,,30
Mauritius,2025,1194,,,0.827187,,7.847,,23.925,,,,,,,18
Morocco,2001,179,225.7,2.02,,,2.13,92249.6,18.74166667,* 60.48,1.366971,1006.43274,1502.766323,47.2637931,15.45053,2
Morocco,2002,291,282.47,2.11,,93,2.24,96597.03,18.21666667,* 65.79,1.322138,993.213883,1513.446628,51.0793103,20.24838,2
Morocco,2003,323,317.55,2.17,0.005286,122,2.414,100594.71,18.29166667,* 71.1,1.270311,980.676779,1607.174742,49.2517241,19.32926,4
Morocco,2004,242,374.21,2.14,0.0055835,90,2.423,106424.49,17.85,* 68.56,1.28219,968.182906,1959.116219,47.4241379,18.3367,2
Morocco,2005,194,238.05,2.04,0.004491,-132,2.168,97822.15,18.075,* 66.02,1.343473,955.262614,2207.487904,45.5965517,17.26154,3
Morocco,2006,314,355.05,2.16,0.0046905,-67,2.357,104239.84,18.19166667,* 63.47,1.351366,942.440358,2273.356891,43.7689655,16.093,2
Morocco,2007,219,236.71,2.06,0.0051455,-236,2.211,102487.34,17.89166667,* 60.93,1.340581,929.89049,2477.308304,41.9413793,14.81838,5
Morocco,2008,320,255.7,2.16,0.0050855,-260,2.323,97409.5,17.79166667,* 58.38,1.338696,917.525035,2806.069768,40.1137931,13.42254,5
Morocco,2009,363,392.59,2.14,0.006698,214,2.538,113013.38,18.38333333,* 55.84,1.332601,905.379195,3247.809289,38.2862069,11.88733,1
Morocco,2010,419,535.08,2.2,0.006298,262,2.57,110561.29,18.81666667,* 53.3,1.352743,893.214209,3187.532943,36.4586207,10.19078,7
Morocco,2011,307,299,2.13,0.0062,137,2.535,106659.73,18.20833333,* 50.75,1.363052,881.121837,3138.512666,36.4586207,10.19078,28
Morocco,2012,252,263.31,2.03,0.0061185,-79,2.432,97637.86,18.24166667,* 50.75,1.335971,869.428585,3380.395469,36.4586207,10.19078,15
Morocco,2013,251,250.8,2,0.0063375,-36,2.464,107331.22,18.11666667,* 50.75,1.28781,858.303783,3239.237783,36.4586207,10.19078,51
Morocco,2014,354,430.17,2.09,0.0054245,-173,2.34,98839.68,18.39166667,* 50.75,1.227239,847.834718,3456.890658,36.4586207,10.19078,70
Morocco,2015,236,593.52,2.05,0.006438,147,2.521,109081.37,18.39166667,* 50.75,1.170756,837.966518,3508.389708,36.4586207,10.19078,42
Morocco,2016,273,407.39,2,0.0052465,-358,2.226,91110.2,18.64166667,* 50.75,1.194507,828.016492,3206.914819,36.4586207,10.19078,22
Morocco,2017,175,332.57,1.94,0.0049675,-451,2.325,89323.57,19.20833333,* 50.75,1.200343,818.136864,3197.280239,36.4586207,10.19078,26
Morocco,2018,377,333.87,2.16,0.0053255,-444,2.535,102687.06,17.58333333,* 50.75,1.103642,809.157204,3352.805705,36.4586207,10.19078,21
Morocco,2019,201,296.27,1.96,0.0046675,-799,2.341,100983.97,18.53333333,* 50.75,1.030223,800.863873,3556.318475,36.4586207,10.19078,24
Morocco,2020,204,299.95,1.94,0.004113,-1098,2.26,90736.84,19.16666667,* 50.75,1.025655,792.691754,3556.20067,36.4586207,10.19078,31
Morocco,2021,230,328.02,1.92,0.0039935,-1144,2.32,91427.4,18.81666667,* 50.75,1.006918,784.750044,3307.160683,36.4586207,10.19078,55
Morocco,2022,205,293.75,1.87,0.0036355,-1481,2.12,83422.43,19.425,* 50.75,1.008636,776.874555,3841.16256,36.4586207,10.19078,84
Morocco,2023,158,287.06,1.86,0.0036155,-1617,2.121,80591.68,19.525,* 50.75,1.021952,,3559.038203,,,60
Morocco,2024,223,365.83,1.94,0.003474,-1655,2.065,76966.16,19.55,,0.972828,,,,,48
Morocco,2025,294,428.01,1.972,0.0041805,-1388,2.134,84240.65,18.93333333,,,,,,,50
Mozambique,2001,1091,9648.17,2.49,,,6.946,700717.66,24.20833333,* 1.04,2.225918,5410.58724,323.6093132,0.90063809,20.66332,0
Mozambique,2002,793,7026.1,2.39,,89,6.703,649509.76,24.325,* 1.07,2.243577,5290.54815,300.4373029,0.9472098,21.41147,2
Mozambique,2003,978,7417.23,2.35,0.159983,517,6.739,691586.07,24.2,* 1.13,2.264127,5172.10928,306.9445112,0.99378151,22.08951,14
Mozambique,2004,1002,9145.01,2.44,0.1610736,185,6.98,740906.38,24.05,* 1.19,2.283077,5055.36379,330.8879601,1.04035323,22.70684,25
Mozambique,2005,688,5917.31,2.16,0.157891,-320,6.282,716305.13,24.775,* 1.24,2.313006,4939.77489,388.8975782,1.08692494,23.27126,8
Mozambique,2006,953,6838.95,2.37,0.1636654,-189,6.779,745798.72,24.35833333,* 1.3,2.348604,4825.1109,422.7783909,1.12509187,23.53015,7
Mozambique,2007,1082,9325.44,2.37,0.1631245,46,6.806,757499.44,24.35,* 1.34,2.379441,4711.65538,441.4213551,1.16325879,23.77205,8
Mozambique,2008,852,6985.54,2.23,0.1622655,144,6.428,757456.99,24.15,* 1.39,2.465641,4596.90336,488.8326261,1.20142572,23.99857,10
Mozambique,2009,831,8937.42,2.34,0.1608235,193,6.784,761098.1,24.225,* 1.43,2.590956,4479.32932,571.3426924,1.23959265,24.21115,30
Mozambique,2010,929,8435.99,2.36,0.1633665,-90,6.827,749367.17,24.675,* 1.48,2.676859,4361.01462,527.4644768,1.27775958,24.41103,16
Mozambique,2011,859,9357.52,2.3,0.1578395,-124,6.707,758099.47,24.33333333,* 1.52,2.786153,4241.18714,478.3237363,1.31592651,24.59931,8
Mozambique,2012,878,8078.28,2.19,0.15658,-394,6.462,724410.82,24.30833333,* 1.57,2.871011,4121.15353,602.6910758,1.35409343,24.77698,20
Mozambique,2013,928,6744.76,2.25,0.162769,-464,6.613,764829.51,24.19166667,* 1.61,2.890555,4003.73453,666.6473472,1.39226036,24.94491,69
Mozambique,2014,987,7783.07,2.33,0.160976,-237,6.653,754074.04,24.21666667,* 1.66,2.898955,3889.33429,673.1943829,1.43042729,25.10388,107
Mozambique,2015,876,10815.51,2.15,0.161092,-525,6.389,754820.37,24.70833333,* 1.71,2.901061,3778.12329,683.3210489,1.46859422,25.25458,22
Mozambique,2016,816,7773.46,2.07,0.1509045,-1216,6.345,568965.92,24.95,* 1.75,2.930664,3669.00592,598.1496947,1.46859422,25.25458,97
Mozambique,2017,1073,7957.82,2.38,0.153697,-452,6.966,609849.34,24.38333333,* 1.75,2.988459,3560.98134,435.0514524,1.46859422,25.25458,87
Mozambique,2018,936,7171.03,2.3,0.154587,-450,6.762,689448.55,24.55,* 1.75,2.980899,3456.39858,468.0507285,1.46859422,25.25458,106
Mozambique,2019,1097,10071.54,2.28,0.159051,-436,6.768,774342.2,24.84166667,* 1.75,2.939742,3356.26839,510.5725068,1.46859422,25.25458,304
Mozambique,2020,821,12902.14,2.12,0.1586425,-517,6.421,753101.95,24.83333333,* 1.75,2.9649,3258.21909,514.1218031,1.46859422,25.25458,551
Mozambique,2021,904,11847.27,2.27,0.163209,-190,6.671,773143.11,24.51666667,* 1.75,2.957777,3163.25951,459.44203,1.46859422,25.25458,409
Mozambique,2022,1085,15571.12,2.36,0.1504334,-49,6.728,783033.29,24.45,* 1.75,2.947343,3071.38794,498.0869568,1.46859422,25.25458,496
Mozambique,2023,1191,11992.87,2.36,0.1647405,401,6.751,790686.03,24.88333333,* 1.75,2.953581,,548.2589221,,,231
Mozambique,2024,769,10540.75,2.12,0.141403,-378,6.469,523639.86,25.30833333,,2.91994,,,,,408
Mozambique,2025,1171,11845.36,2.22,0.131545,-694,6.81,133214.34,24.75833333,,,,,,,425
Namibia,2001,355,1167.07,1.58,,,2.706,5340.81,20.14166667,* 0.9,2.089531,3317.0925,2204.360563,4.72077922,24.60558,17
Namibia,2002,269,1070.01,1.44,,-305,2.534,4972.69,20.61666667,* 0.88,1.757283,3259.31099,1966.202081,4.5762987,24.89045,5
Namibia,2003,232,1094.88,1.38,0.003357,-584,2.334,4216,20.95833333,* 0.86,1.444252,3212.57661,1822.472207,4.42885211,24.66052,3
Namibia,2004,341,1136.55,1.49,0.0041005,-339,2.545,4362.45,20.68333333,* 0.83,1.275711,3171.85371,2640.914918,4.2814055,24.42954,0
Namibia,2005,291,1078.22,1.47,0.002469,-483,2.483,4450.81,21.15833333,* 0.81,1.253642,3132.33824,3490.465294,4.13395891,24.1975,0
Namibia,2006,500,1212.08,1.85,0.0033885,570,3.026,5614.63,19.875,* 0.78,1.278592,3092.54336,3769.007971,3.98651232,23.96441,2
Namibia,2007,162,961.55,1.31,0.003922,-192,2.443,4253.96,20.90833333,* 0.75,1.332127,3051.61993,4093.080269,3.84286297,23.73026,3
Namibia,2008,372,1122.98,1.64,0.006004,240,2.907,5291.85,20.50833333,* 0.72,1.399846,3009.19955,4444.073083,3.69617583,23.49503,7
Namibia,2009,320,1153.86,1.63,0.015451,390,2.9,5289.17,20.49166667,* 0.7,1.471156,2965.25358,4250.478677,3.54948869,23.25872,2
Namibia,2010,362,1135.18,1.62,0.0092015,498,2.822,5106.74,20.80833333,* 0.67,1.548415,2919.69281,4334.270298,3.40280154,23.02132,3
Namibia,2011,564,1137.91,1.85,0.0221975,1328,3.226,5716.29,19.65,* 0.64,1.715871,2870.02201,5443.236826,3.25611438,22.78282,6
Namibia,2012,348,1062.99,1.57,0.0083295,1035,2.941,5406.58,20.325,* 0.61,2.226733,2806.82057,5857.667599,3.10942724,22.54323,1
Namibia,2013,192,1039.36,1.32,0.00425,541,2.503,3656.75,21.125,* 0.59,2.601986,2734.72947,5994.026155,2.9627401,22.30252,12
Namibia,2014,326,1119.14,1.59,0.0047375,971,2.917,4557.44,20.55,* 0.56,2.612881,2664.19969,5438.875418,2.80693955,22.06069,15
Namibia,2015,202,1066.97,1.31,0.003829,381,2.527,4125.64,21.46666667,* 0.53,2.652959,2594.44889,5517.955652,2.65949295,21.81774,6
Namibia,2016,208,1153.68,1.34,0.003678,176,2.503,3630.39,21.85833333,* 0.5,2.697279,2525.40471,4940.501788,2.51204635,21.57366,8
Namibia,2017,362,1170.15,1.52,0.003293,911,2.83,5066.37,21.08333333,* 0.47,2.735274,2457.26415,4588.74641,2.36459976,21.32843,4
Namibia,2018,251,1144.3,1.4,0.0052435,421,2.627,4187.12,21.36666667,* 0.45,2.772463,2390.07313,5416.954872,2.21715317,21.08205,1
Namibia,2019,149,1176.95,1.19,0.007994,-157,2.304,3117.9,22.39166667,* 0.42,2.799322,2324.09506,5640.560185,2.08261722,20.83451,3
Namibia,2020,311,1052.13,1.41,0.005704,149,2.69,4399.32,21.225,* 0.39,2.910199,2257.43396,5074.412508,1.93593008,39.06342,6
Namibia,2021,389,1043.21,1.5,0.0034725,997,2.874,4841.54,20.50833333,* 0.36,2.953146,2191.74339,4203.491617,1.67142008,47.72357,18
Namibia,2022,277,1053.96,1.52,0.003273,603,2.859,4306.67,20.81666667,* 0.31,2.776006,2131.73721,4833.081196,1.67142008,21.8965,11
Namibia,2023,164,1193.35,1.28,0.003706,197,2.469,3799.88,21.40833333,* 0.31,2.509479,,4786.571555,,,6
Namibia,2024,149,1135.12,1.19,0.004557,-349,2.341,3279.56,21.95833333,,2.237152,,,,,8
Namibia,2025,385,1126.97,1.575,0.0058095,-355,2.948,4271.09,20.86666667,,,,,,,3
Niger,2001,1030,6168.75,0.94,,,1.481,269.99,27.4,* 3.59,3.508786,293.608224,201.382107,24.8517647,29.54117,4
Niger,2002,1065,5963.72,0.91,,-72,1.473,222.18,27.65833333,* 3.71,3.531481,283.420454,212.1350448,25.6645378,29.646,38
Niger,2003,1031,7032.13,0.96,0.000092,-25,1.522,250.73,27.84166667,* 3.83,3.562277,273.501944,232.3823563,26.4773109,29.74565,3
Niger,2004,1010,6377.19,0.88,0.0003545,-32,1.458,251.49,27.90833333,* 3.95,3.598249,263.835615,273.2566461,27.290084,29.84049,15
Niger,2005,1020,5642.43,0.95,0.00006,-90,1.504,266.46,28.19166667,* 4.07,3.629704,254.430877,291.772938,28.1028571,29.93087,4
Niger,2006,1019,6719.4,0.92,0,-59,1.476,279.28,27.83333333,* 4.2,3.657094,245.294189,327.6696078,29.7787302,25.5583,2
Niger,2007,1047,6211.69,0.95,0.0001615,69,1.504,348.67,27.775,* 4.45,3.681108,236.428817,342.520475,31.4546032,21.50096,28
Niger,2008,1124,6660.13,0.94,0.000166,15,1.509,286.79,27.30833333,* 4.7,3.702032,227.836178,397.5528911,33.1304762,17.72595,22
Niger,2009,1077,5981.32,0.9,0,-117,1.45,282.76,28.525,* 4.95,3.71708,219.522789,487.4912837,34.8063492,14.20478,6
Niger,2010,1164,7573.54,0.99,0.0000975,-21,1.484,271.3,28.98333333,* 5.2,3.725351,211.49525,472.8224128,36.4822222,10.9127,7
Niger,2011,1001,6116.36,0.92,0.0000455,90,1.496,331.98,28.21666667,* 5.45,3.721383,203.769349,485.9574972,38.1580952,7.828033,7
Niger,2012,1235,7696.74,0.95,0.0001745,-4,1.525,346.44,28.10833333,* 5.7,3.773246,196.223879,522.4459961,39.8339683,4.931792,7
Niger,2013,1083,7639.18,0.92,0.000848,18,1.513,228.38,28.29166667,* 5.95,3.758372,188.985922,540.0122691,41.5098413,7.862254,11
Niger,2014,1203,7391.05,0.89,0.000758,165,1.488,217,28.225,* 6.2,3.689281,182.140746,563.2726176,43.1857143,10.28779,11
Niger,2015,1049,7890.28,0.91,0.001035,130,1.467,190.28,27.71666667,* 6.45,3.696406,175.530999,575.5122908,49.1857143,9.532385,55
Niger,2016,1225,8095.5,0.92,0.000162,267,1.49,237.71,28.70833333,* 7.34,3.674261,169.198578,493.4693368,49.92,10.10188,60
Niger,2017,1083,7243.36,0.9,0,349,1.518,324.66,27.85,* 7.45,3.56007,163.280951,509.8136874,45.1796857,11.31204,41
Niger,2018,1105,7657.96,0.93,0.00022,278,1.533,322.22,28.44166667,* 6.75,3.450881,157.742434,527.6257051,69.4717429,7.599143,112
Niger,2019,1305,7980.66,0.93,0,320,1.53,206.37,28.25,* 10.37,3.366549,152.520353,581.5229661,73.8087943,7.480603,270
Niger,2020,1045,8364.58,0.96,0.0009345,636,1.582,274.34,28.24166667,* 11.02,3.299774,147.569656,564.521932,73.8087943,7.480603,432
Niger,2021,914,8788.07,0.88,0.0027735,658,1.575,325.67,28.50833333,* 11.02,3.254252,142.844666,578.4311384,73.8087943,7.480603,328
Niger,2022,1048,8263.67,0.93,0.003434,679,1.55,125.74,27.68333333,* 11.02,3.251706,138.274484,603.6447876,73.8087943,7.480603,578
Niger,2023,996,8459.61,0.91,0.00473,783,1.535,237.17,28.7,* 11.02,3.294892,,543.7101,,,442
Niger,2024,1033,9115.58,1.06,0.005976,1491,1.628,296.97,28.39166667,,3.281015,,,,,455
Niger,2025,1051,11183.25,0.918,0.0091025,2683,1.651,138.31,28.7,,,,,,,549
Nigeria,2001,,38075.5,2.28,,,5.035,245806.74,26.70833333,* 7.99,2.716395,1701.79874,575.0028031,4.77674208,32.32509,108
Nigeria,2002,,38738.92,2.27,,-101,5.366,229163.69,26.85833333,* 8.18,2.741471,1655.77813,597.7353863,4.89149321,33.15207,139
Nigeria,2003,,39568.94,2.3,0.016408,-204,5.548,247797.14,27.05,* 8.38,2.756735,1610.75613,748.4089861,5.00624434,33.94116,183
Nigeria,2004,,37115.56,2.24,0.022287,-268,5.46,237637.51,27.125,* 8.58,2.77054,1566.74202,804.0643535,5.12099548,34.69489,202
Nigeria,2005,,37592.21,2.28,0.0305,-289,5.454,222608.22,27.49166667,* 8.77,2.768834,1523.9566,1016.051837,5.23574661,35.41559,114
Nigeria,2006,,37089.19,2.3,0.0255045,-189,5.54,239951.21,27.45833333,* 8.97,2.761247,1482.45205,1281.26334,5.31728507,36.40571,108
Nigeria,2007,,40083.5,2.33,0.019497,89,5.474,230982.19,27,* 9.11,2.771801,1441.92568,1694.573985,5.39882353,37.36593,184
Nigeria,2008,,35743.46,2.3,0.0202425,187,5.452,230689.1,26.79166667,* 9.25,2.784534,1402.32863,1926.283405,5.48036199,38.29759,177
Nigeria,2009,,41853.58,2.33,0.0240065,125,5.448,236061.05,27.49166667,* 9.39,2.787308,1363.78112,2288.878372,5.56190045,39.20194,163
Nigeria,2010,,42513.23,2.37,0.0223055,287,5.379,245406.18,27.73333333,* 9.53,2.795149,1326.18923,1936.846724,5.64343891,40.08016,329
Nigeria,2011,,41637.53,2.25,0.0191335,412,5.326,234081.91,27.225,* 9.67,2.802785,1289.53506,2346.018119,5.64343891,40.08016,283
Nigeria,2012,,40963.26,2.34,0.0267485,619,5.463,233883.54,26.99166667,* 9.67,2.774229,1254.25208,2579.584527,5.64343891,40.08016,691
Nigeria,2013,,42248.42,2.31,0.02029,675,5.438,249055.44,27.23333333,* 9.67,2.71469,1220.66103,2811.450846,5.64343891,40.08016,739
Nigeria,2014,,43012.88,2.33,0.0193535,782,5.498,238391.49,27.1,* 9.67,2.642214,1188.83092,3068.249007,5.64343891,40.08016,959
Nigeria,2015,,41339.91,2.25,0.020628,690,5.196,241318.83,27.25833333,* 9.67,2.536173,1159.05923,3297.927529,5.64343891,40.08016,955
Nigeria,2016,,43636.61,2.29,0.0163445,769,5.326,248486.75,27.4,* 9.67,2.471832,1130.76042,2757.564824,5.64343891,40.08016,792
Nigeria,2017,,43382.76,2.21,0.0318375,823,5.267,248875.91,27.375,* 9.67,2.431709,1103.59524,2204.426795,5.64343891,40.08016,952
Nigeria,2018,,45955.59,2.3,0.0501015,991,5.346,234095.79,27.19166667,* 9.67,2.312173,1078.37095,1994.013171,5.64343891,40.08016,1402
Nigeria,2019,,50811.09,2.39,0.0364455,1575,5.534,260129.53,27.24166667,* 9.67,2.194402,1054.96491,2180.719548,5.64343891,40.08016,1634
Nigeria,2020,,47117.46,2.3,0.018635,2104,5.385,260085.22,27.23333333,* 9.67,2.130297,1032.72871,2391.238331,5.64343891,40.08016,2855
Nigeria,2021,,42707.1,2.21,0.0540455,1999,5.232,250230.93,27.49166667,* 9.67,2.096187,1011.3061,2123.141853,5.64343891,40.08016,3528
Nigeria,2022,,47419.96,2.3,0.037836,2456,5.128,232881.82,26.95833333,* 9.67,2.092817,990.361249,2109.303725,5.64343891,40.08016,3730
Nigeria,2023,,52290.8,2.32,0.019398,2897,5.471,259837.7,27.625,* 9.67,2.098389,,2224.863461,,,3549
Nigeria,2024,,49452.4,2.33,0.0269295,3317,5.376,249201.23,27.73333333,,2.082978,,,,,4400
Nigeria,2025,,51028.05,2.217,0.0190415,4114,5.152,261801.23,27.76666667,,,,,,,4858
Rwanda,2001,1144,444.68,3.35,,,7.403,6826006.66,18.85833333,* 4.97,0.886775,1146.36084,268.0214865,1.79325207,24.11379,27
Rwanda,2002,1065,333.61,3.28,,791,6.92,6826976.11,19.29166667,* 5.64,1.355377,1130.92815,243.2750798,2.00755679,24.20329,3
Rwanda,2003,868,348.01,3.25,0.547646,929,6.875,6827231.93,19.53333333,* 6.32,2.198174,1106.33962,236.0088297,2.22186149,24.27552,3
Rwanda,2004,979,344.39,3.21,0.5485456,242,6.614,6827231.73,19.6,* 6.99,2.642911,1077.48305,251.7690694,2.43616621,24.33504,2
Rwanda,2005,1005,286.64,3.21,0.549995,-481,6.754,6827231.68,19.775,* 7.66,2.660098,1049.19881,275.718328,2.65047092,24.38494,3
Rwanda,2006,1268,327.23,3.24,0.5364505,-1013,6.635,6827231.68,19.44166667,* 8.34,2.666836,1021.5882,334.8656305,2.91227938,26.54562,7
Rwanda,2007,1036,306.91,3.35,0.503841,673,7.187,6827231.52,19.25833333,* 9.16,2.660082,994.771377,371.223728,3.17408785,28.34987,17
Rwanda,2008,950,340.15,3.3,0.5406185,363,6.974,6827231.46,19.14166667,* 9.98,2.628376,968.965662,444.3902904,3.43589632,29.87915,6
Rwanda,2009,1075,314.41,3.17,0.5166315,228,6.826,6827242.81,19.51666667,* 10.81,2.57922,944.293446,551.0529169,3.69770479,31.19188,13
Rwanda,2010,1123,361.68,3.2,0.519818,809,6.966,6827285.7,19.94166667,* 11.63,2.523651,920.76096,587.736737,3.95951325,32.331,49
Rwanda,2011,1293,352.34,3.35,0.539087,593,7.169,6826732.21,19.19166667,* 12.46,2.452629,898.452798,617.9001858,4.22132173,33.32883,39
Rwanda,2012,1262,353.18,3.31,0.486455,1410,6.89,6827044.67,19.35,* 13.28,2.393801,877.201001,677.1565939,4.48313019,34.21012,38
Rwanda,2013,1153,352.26,3.2,0.5232925,1891,6.808,6827067.3,19.65833333,* 14.1,2.403401,856.369678,734.4689455,4.74493866,34.99415,14
Rwanda,2014,1007,304.54,3.22,0.5078045,1850,6.899,6826862.87,19.675,* 14.93,2.417215,835.917565,732.0995214,5.00674713,35.69619,6
Rwanda,2015,1105,301.83,3.18,0.5471135,1954,6.847,6826994.23,19.96666667,* 15.75,2.393226,816.14966,752.5131746,5.2685556,36.32846,5
Rwanda,2016,959,301.67,3.07,0.5087645,2457,6.65,6829579.17,20.39166667,* 16.57,2.369979,797.034495,760.9755849,5.53036407,36.90086,7
Rwanda,2017,975,359.92,3.08,0.509909,1274,6.528,6813136.96,20.05,* 17.4,2.345567,778.557063,754.8172506,5.79217254,37.42152,4
Rwanda,2018,1323,352.28,3.24,0.550995,2603,6.878,6816738.5,19.69166667,* 18.22,2.316307,760.730545,782.4027729,6.05398101,37.89714,24
Rwanda,2019,1170,322.28,3.25,0.5314644,2115,6.946,6814500.63,20.05833333,* 19.04,2.280861,743.575721,793.5997906,6.42105263,37.70492,50
Rwanda,2020,1322,305.69,3.29,0.533917,4872,7.046,6826326.67,20.29166667,* 20.2,2.242449,727.086983,830.0056768,6.42105263,38.30142,40
Rwanda,2021,1072,310.18,3.3,0.533508,4929,6.903,6829688.33,20.09166667,* 20.2,2.190935,711.330217,795.3524409,6.42105263,37.70492,29
Rwanda,2022,1246,323.78,3.31,0.4960975,4063,6.846,6829453.04,19.91666667,* 20.2,2.190466,695.918183,844.0553087,6.42105263,38.26955,23
Rwanda,2023,1290,301.54,3.32,0.513811,4716,6.79,6834512.69,20.39166667,* 20.2,2.198498,,992.5621023,,,15
Rwanda,2024,1154,353.63,3.29,0.536337,5806,6.856,6836433.79,20.825,,2.141768,,,,,14
Rwanda,2025,1028,332.71,3.32,0.5141485,6562,7.062,6830284.85,20.20833333,,,,,,,8
Sao Tome and Principe,2001,1779,,,,,8.228,,25.49166667,* 0.79,1.623353,14893.2536,,0.86198642,,
Sao Tome and Principe,2002,1969,,,,,8.385,,25.81666667,* 0.86,2.394334,14540.8946,529.1950499,0.92959711,,
Sao Tome and Principe,2003,2555,,,0.519713,,8.517,,26.05833333,* 0.93,2.562892,14172.9621,582.9003934,0.9972078,,
Sao Tome and Principe,2004,1657,,,0.567027,,7.613,,25.75833333,* 1,2.498212,13823.2776,685.4153718,1.06481853,,
Sao Tome and Principe,2005,1411,,,0.5048035,,8.359,,25.73333333,* 1.06,2.463925,13486.8441,753.4342582,1.13242922,,
Sao Tome and Principe,2006,1914,,,0.5035734,,8.44,,25.84166667,* 1.13,2.443923,13161.2311,876.8251825,1.20003991,,
Sao Tome and Principe,2007,3122,,,0.5275985,,8.417,,25.98333333,* 1.2,2.422749,12846.1992,894.6313377,1.2676506,,
Sao Tome and Principe,2008,2271,,,0.555198,,8.02,,25.79166667,* 1.27,2.383276,12543.6583,909.4047065,1.33526128,,
Sao Tome and Principe,2009,2302,,,0.6186535,,8.282,,25.89166667,* 1.34,2.309243,12257.3136,1114.377822,1.40287197,,
Sao Tome and Principe,2010,1360,,,0.5059155,,8.224,,25.875,* 1.4,2.196082,11991.0672,1082.42342,1.47048266,,
Sao Tome and Principe,2011,1628,,,0.629499,,7.093,,25.66666667,* 1.47,2.093961,11742.5895,1103.902563,1.53809335,,
Sao Tome and Principe,2012,2486,,,0.5757775,,8.945,,25.775,* 1.54,2.020928,11507.6621,1268.684618,1.60570404,,
Sao Tome and Principe,2013,1635,,,0.5113326,,8.231,,25.66666667,* 1.61,1.938966,11286.6817,1344.36389,1.67331472,,
Sao Tome and Principe,2014,2126,,,0.6504424,,7.81,,25.63333333,* 1.67,1.856355,11079.0935,1579.787036,1.74092541,39.78692,
Sao Tome and Principe,2015,1505,,,0.5810755,,8.72,,25.59166667,* 1.74,1.775102,10884.1635,1786.993039,1.8085361,37.28496,
Sao Tome and Principe,2016,2311,,,0.525013,,8.567,,26.16666667,* 1.81,1.682301,10702.5907,1599.540847,1.87614679,35.94132,
Sao Tome and Principe,2017,1802,,,0.6160645,,7.833,,25.925,* 1.88,1.597953,10532.9275,1715.981002,1.87614679,35.94132,
Sao Tome and Principe,2018,2284,,,0.5427545,,8.313,,25.975,* 1.88,1.542376,10371.7166,1830.754774,1.87614679,35.94132,
Sao Tome and Principe,2019,2165,,,0.5104725,,8.625,,26.30833333,* 1.88,1.513324,10215.9406,1971.798683,1.87614679,35.94132,
Sao Tome and Principe,2020,2218,,,0.4948254,,7.793,,26.24166667,* 1.88,1.876911,10025.9848,2006.153469,1.87614679,35.94132,0
Sao Tome and Principe,2021,2417,,,0.543739,,8.507,,26.31666667,* 1.88,2.060174,9821.54523,2176.491017,1.87614679,35.94132,2
Sao Tome and Principe,2022,2143,,,0.5681375,,8.722,,25.96666667,* 1.88,1.938196,9633.01739,2374.507048,1.87614679,35.94132,2
Sao Tome and Principe,2023,2194,,,0.5935206,,7.716,,26.325,* 1.88,1.997547,,2412.800802,,,1
Sao Tome and Principe,2024,2148,,,0.612001,,8.006,,26.61666667,,2.000466,,,,,1
Sao Tome and Principe,2025,1453,,,0.6700325,,7.446,,26.1,,,,,,,
Senegal,2001,597,1168.47,1.69,,,4.044,102.53,28.38333333,* 8.45,2.424969,2526.20645,620.9498292,7.38546512,5.195487,53
Senegal,2002,453,872.88,1.66,,-444,3.672,109.07,28.49166667,* 10.13,2.449662,2465.07476,656.1699,8.60833333,4.412427,38
Senegal,2003,696,1411.62,1.83,0.018264,-381,3.699,96.96,28.11666667,* 11.81,2.40685,2406.45243,689.5443605,8.67387766,4.895044,15
Senegal,2004,468,837.7,1.73,0.019367,-157,4.123,94.25,28.19166667,* 11.9,2.346325,2350.64648,842.0418527,8.73942197,5.370365,7
Senegal,2005,537,1027.46,1.82,0.0266095,-101,4.196,96.23,28.40833333,* 11.99,2.339181,2296.29872,943.8304065,8.80496629,5.838554,1
Senegal,2006,471,542.25,1.72,0.0250915,-70,4.121,99.18,28.18333333,* 12.08,2.327929,2243.45992,1005.275966,8.87051062,6.299771,22
Senegal,2007,553,808.79,1.63,0.0196005,-223,3.753,91.86,28.31666667,* 12.17,2.322794,2191.94953,1040.981039,8.93605493,6.754169,19
Senegal,2008,720,933.43,1.8,0.023396,-80,4.163,89.12,28.175,* 12.26,2.339512,2141.26382,1213.098625,9.00475095,7.2019,11
Senegal,2009,674,1103.88,1.78,0.0239065,181,4.191,96.67,28.01666667,* 12.35,2.365614,2091.20422,1422.666947,9.07082055,7.643109,19
Senegal,2010,728,1449,1.85,0.029383,567,4.325,102.51,28.79166667,* 12.44,2.386902,2041.88023,1326.557435,9.13689015,8.077937,14
Senegal,2011,503,790.32,1.69,0.029375,444,4.117,104.8,28.4,* 12.53,2.527915,1990.91018,1288.877607,9.20295976,8.506521,17
Senegal,2012,692,1242.08,1.82,0.0270595,532,4.156,105.07,28.125,* 12.62,2.677024,1938.3201,1385.523374,9.26902936,8.928996,23
Senegal,2013,603,1311.79,1.73,0.0281295,633,4.219,118.91,28.31666667,* 12.71,2.96346,1881.72155,1336.030964,9.33509896,9.345491,18
Senegal,2014,444,1097.25,1.64,0.023518,490,3.852,126.08,28.325,* 12.8,3.167575,1823.05074,1391.715731,9.40116856,9.756132,42
Senegal,2015,639,1407.38,1.72,0.022814,590,3.871,108.94,28.275,* 12.89,3.070148,1767.93084,1416.092595,9.46723816,10.16104,16
Senegal,2016,603,1526.23,1.66,0.022192,705,4.086,101.86,28.66666667,* 12.99,2.978431,1716.05068,1236.225671,9.53330777,10.56034,18
Senegal,2017,544,1128.66,1.66,0.0212345,649,3.968,93.32,28.65833333,* 13.08,2.887699,1667.20495,1287.628523,9.59149814,10.95414,12
Senegal,2018,594,1516.84,1.65,0.0195175,620,3.813,87.56,28.225,* 13.16,2.800457,1621.16329,1380.609477,11.727907,8.838398,13
Senegal,2019,532,1436.17,1.57,0.0248635,675,3.856,86.54,28.475,* 16.09,2.717608,1577.69969,1478.179737,11.8666667,8.639243,4
Senegal,2020,844,1618.06,1.73,0.026855,690,4.025,100.55,28.90833333,* 16.28,2.633036,1536.70043,1455.729494,11.8666667,8.639243,25
Senegal,2021,543,1329.05,1.62,0.0280085,849,4.091,103.57,28.975,* 16.28,2.538489,1498.18241,1484.774843,11.8666667,8.639243,50
Senegal,2022,686,1702.09,1.79,0.0332835,1195,4.267,115.59,28.325,* 16.28,2.467643,1461.66503,1618.600024,11.8666667,8.639243,64
Senegal,2023,501,1242.27,1.64,0.0302,1349,4.281,118.2,28.925,* 16.28,2.387383,,1576.574028,,,41
Senegal,2024,738,1474.6,1.64,0.0275905,1553,4.043,133.78,28.69166667,,2.320586,,,,,41
Senegal,2025,681,1797.07,1.604,0.026612,2306,4.149,122.99,28.075,,,,,,,27
Seychelles,2001,1163,,,,,0.653666667,,26.16666667,,0.087475,,8131.509091,,77.69029,
Seychelles,2002,1515,,,,,0.648833333,,26.14166667,,3.057385,,8102.509988,,72.79783,
Seychelles,2003,1546,,,0.143253636,,0.651416667,,26.41666667,,-1.13152,,8914.317883,,65.04065,
Seychelles,2004,1450,,,0.125659167,,0.651,,26.23333333,,-0.37033,,8838.80065,,65.38462,
Seychelles,2005,1358,,,0.124442083,,0.65,,26.26666667,,0.463308,,10311.68123,,65.69343,
Seychelles,2006,2060,,,0.130154167,,0.6585,,26.23333333,,2.080597,,11109.33691,,65.69343,
Seychelles,2007,1306,,,0.11898,,0.65625,,26.54166667,,0.510515,,12138.20626,,65.69343,
Seychelles,2008,1405,,,0.116924167,,0.651083333,,26.00833333,,2.236283,,11995.82313,,65.69343,
Seychelles,2009,1339,,,0.11991525,,0.656916667,,26.41666667,,0.392531,,10852.22025,,65.69343,
Seychelles,2010,1287,,,0.113427167,,0.648666667,,26.46666667,,2.792329,,9391.572708,,65.69343,
Seychelles,2011,1396,,,0.121495,,0.651583333,,26.325,,-2.62866,,10786.51466,,65.69343,
Seychelles,2012,1343,,,0.120097917,,0.658083333,,26.35,,0.98098,,11566.38938,,65.69343,
Seychelles,2013,1565,,,0.128209167,,0.651833333,,26.24166667,,1.846876,,11814.80881,,65.69343,
Seychelles,2014,1711,,,0.114310833,,0.66375,,26.41666667,,1.555396,,14245.48117,,65.69343,
Seychelles,2015,1535,,,0.107795417,,0.652916667,,26.65,,2.229795,,14791.50629,,65.69343,
Seychelles,2016,1310,,,0.112325083,,0.654083333,,26.48333333,,1.337635,,14708.3854,,65.69343,
Seychelles,2017,1642,,,0.118918333,,0.658666667,,26.425,,1.224034,,15301.36038,,65.69343,
Seychelles,2018,1517,,,0.115490917,,0.651166667,,26.33333333,,0.954292,,15924.02476,,65.69343,
Seychelles,2019,2166,,,0.120530667,,0.662416667,,26.73333333,,0.887925,,16409.9799,,65.69343,
Seychelles,2020,1822,,,0.122113917,,0.668416667,,26.75833333,,0.853708,,16886.57942,,65.69343,0
Seychelles,2021,1347,,,0.113510833,,0.657,,26.35,,0.805183,,12071.51423,,65.69343,0
Seychelles,2022,1388,,,0.116570333,,0.649166667,,26.21666667,,,,13030.67431,,65.69343,
Seychelles,2023,1972,,,0.124807083,,0.648,,26.68333333,,-0.08763,,15972.0709,,,
Seychelles,2024,2249,,,0.14713375,,0.66975,,27.05,,1.311361,,,,,
Seychelles,2025,1062,,,0.136613417,,0.646833333,,26.55,,,,,,,
Sierra Leone,2001,2559,201.0258333,0.248333333,,,0.671583333,44.9025,26.18333333,* 0.44,5.905519,34095.3938,140.561731,0.120975,50.94028,56
Sierra Leone,2002,2701,150.3575,0.251666667,,24.66666667,0.690666667,44.68666667,26.39166667,* 0.45,5.769701,32183.8664,230.1601269,0.1238875,51.30663,3
Sierra Leone,2003,2862,181.6675,0.254166667,0.001541333,-4.75,0.689666667,47.10583333,26.44166667,* 0.46,4.06499,30901.8293,254.3281702,0.1268,51.65615,7
Sierra Leone,2004,2708,185.4566667,0.253333333,0.001596958,-11.25,0.69575,46.02083333,26.36666667,* 0.47,3.380616,29874.6181,269.3904177,0.1297125,51.98998,8
Sierra Leone,2005,2793,171.3566667,0.256666667,0.001832417,-0.916666667,0.708416667,45.50333333,26.325,* 0.48,2.689473,29081.8567,268.9302545,0.132625,52.30914,2
Sierra Leone,2006,2520,174.78,0.255833333,0.002106667,6,0.70775,46.015,26.46666667,* 0.5,2.206669,28447.145,293.6567568,0.132625,52.30914,1
Sierra Leone,2007,2810,170.5866667,0.2525,0.00170075,-17.16666667,0.676333333,46.43833333,26.45,* 0.5,2.196114,27829.2232,324.5128672,0.132625,52.30914,4
Sierra Leone,2008,2586,183.5908333,0.253333333,0.001719125,-1.75,0.70475,44.30916667,26.20833333,* 0.5,2.497022,27142.9255,359.8381899,0.132625,52.30914,12
Sierra Leone,2009,2460,173.8066667,0.248333333,0.001977625,-17.33333333,0.689583333,46.72666667,26.49166667,* 0.5,2.693369,26421.6237,404.469057,0.132625,52.30914,15
Sierra Leone,2010,2706,193.3991667,0.2575,0.00221825,13.75,0.69575,44.0825,26.5,* 0.5,2.721509,25712.2535,389.9285512,0.132625,52.30914,4
Sierra Leone,2011,2497,185.2641667,0.255833333,0.002076583,-4.583333333,0.705416667,45.08916667,26.25,* 0.5,2.609783,25049.9002,406.3438487,0.132625,52.30914,6
Sierra Leone,2012,2902,207.7466667,0.256666667,0.002057167,1.416666667,0.689916667,47.01166667,26.14166667,* 0.5,2.532595,24423.4538,451.8111498,0.132625,52.30914,7
Sierra Leone,2013,2430,189.8133333,0.253333333,0.002205833,4.666666667,0.710083333,45.005,26.44166667,* 0.5,2.457257,23830.6203,570.8148993,0.132625,52.30914,6
Sierra Leone,2014,2642,218.01,0.250833333,0.002078875,1.583333333,0.68825,48.29666667,26.29166667,* 0.5,2.389058,23268.0398,724.7626315,0.132625,52.30914,9
Sierra Leone,2015,2441,237.4633333,0.245833333,0.00179975,12.58333333,0.67625,46.97833333,26.425,* 0.5,2.318194,22734.8456,722.5243321,0.132625,52.30914,12
Sierra Leone,2016,2901,202.31,0.244166667,0.002086625,-5,0.685583333,46.025,26.76666667,* 0.5,2.354573,22205.7899,599.2853098,0.132625,52.30914,9
Sierra Leone,2017,2786,213.7566667,0.25,0.00179625,11.58333333,0.689416667,44.725,26.925,* 0.5,2.38579,21682.2763,532.7299068,0.132625,52.30914,18
Sierra Leone,2018,2879,190.4391667,0.241666667,0.001927042,11.33333333,0.6845,45.8475,26.7,* 0.5,2.34731,21179.2529,501.9971298,0.132625,52.30914,69
Sierra Leone,2019,3197,203.6908333,0.243333333,0.002163875,23.66666667,0.6945,45.64916667,27.025,* 0.5,2.321465,20693.2471,539.6486005,0.132625,52.30914,68
Sierra Leone,2020,2799,183.1633333,0.245833333,0.00198175,21.16666667,0.698333333,45.4475,27.075,* 0.5,2.308472,20221.0208,527.2109654,0.132625,52.30914,42
Sierra Leone,2021,2788,191.6741667,0.25,0.002023792,6.333333333,0.71675,48.37166667,27.04166667,* 0.5,2.27463,19766.259,514.5822603,0.132625,52.30914,16
Sierra Leone,2022,2787,178.7933333,0.246666667,0.0018465,29.83333333,0.70275,47.1275,26.85833333,* 0.5,2.225985,19331.1261,526.5190455,0.132625,52.30914,20
Sierra Leone,2023,2738,214.8225,0.248333333,0.001968583,27,0.71625,48.57416667,27.05,* 0.5,2.195243,,481.3011136,,,43
Sierra Leone,2024,2988,213.9058333,0.244166667,0.001456125,46.5,0.6825,46.6725,27.5,,2.122689,,,,,7
Sierra Leone,2025,3167,218.97,0.243833333,0.001413875,93.58333333,0.677583333,42.68833333,26.95,,,,,,,11
Somalia,2001,236,65.63666667,0.144166667,,,0.23275,,26.46666667,* 24.47,3.989839,652.280759,,54.8766667,0.354241,60
Somalia,2002,297,75.81833333,0.151666667,,3.111111111,0.242916667,,26.50833333,* 24.49,3.750809,628.268107,,54.9216667,0.404531,108
Somalia,2003,256,82.2075,0.145833333,0.00019,-1.75,0.239666667,,26.64166667,* 24.51,3.691153,605.500549,,54.9666667,0.454821,384
Somalia,2004,299,81.93583333,0.151666667,0.000180542,-1.333333333,0.25025,,26.44166667,* 24.53,3.683806,583.600931,,54.9666667,0.454821,330
Somalia,2005,224,83.1575,0.154166667,0.000194458,6.25,0.245416667,,26.50833333,* 24.53,3.472044,563.685784,,54.9666667,0.454821,343
Somalia,2006,349,111.4083333,0.156666667,0.00023525,7.333333333,0.258666667,,26.525,* 24.53,3.064792,546.672034,,54.9666667,0.454821,371
Somalia,2007,238,95.26166667,0.1575,0.000238625,11.91666667,0.256,,26.84166667,* 24.53,3.113344,529.914467,,54.9666667,0.454821,1242
Somalia,2008,215,71.18666667,0.149166667,0.000207083,-6.333333333,0.233,,26.31666667,* 24.53,2.96295,514.443693,,54.9666667,0.454821,1321
Somalia,2009,247,84.95833333,0.144166667,0.000188958,-14.25,0.22625,,26.86666667,* 24.53,2.523952,501.621869,,54.9666667,0.454821,530
Somalia,2010,222,102.2483333,0.151666667,0.00021575,-2.833333333,0.22775,,26.86666667,* 24.53,2.481699,489.326325,,54.9666667,0.454821,1085
Somalia,2011,277,101.5775,0.141666667,0.000197792,-8.916666667,0.224083333,,26.53333333,* 24.53,0.707617,485.87599,,54.9666667,0.454821,1093
Somalia,2012,252,123.2108333,0.143333333,0.000226958,-4,0.2405,,26.56666667,* 24.53,0.905529,481.496105,,54.9666667,0.454821,1819
Somalia,2013,347,128.4741667,0.154166667,0.000233167,8.583333333,0.256,,26.43333333,* 24.53,3.225087,466.215174,,54.9666667,0.454821,2782
Somalia,2014,216,118.085,0.145833333,0.000165292,2.833333333,0.235666667,,26.71666667,* 24.53,3.586141,449.792275,355.0530882,54.9666667,0.454821,2639
Somalia,2015,332,124.7758333,0.150833333,0.000213708,9,0.246583333,,26.78333333,* 24.53,3.444415,434.563343,379.3850106,54.9666667,0.454821,2088
Somalia,2016,189,126.6916667,0.140833333,0.000149125,3.75,0.221833333,,26.94166667,* 24.53,3.84891,418.155183,391.9358051,54.9666667,0.454821,2311
Somalia,2017,205,111.6483333,0.136666667,0.000161125,2.5,0.215166667,,26.89166667,* 24.53,3.88145,402.235653,395.498125,54.9666667,0.454821,2626
Somalia,2018,316,153.21,0.15,0.00026775,13.91666667,0.242083333,,26.43333333,* 24.53,3.529333,388.287012,389.8100904,54.9666667,0.454821,2901
Somalia,2019,356,139.4966667,0.148333333,0.000241958,4.583333333,0.246666667,,26.95,* 24.53,3.675258,374.27552,395.664528,54.9666667,0.454821,2852
Somalia,2020,290,143.82,0.154166667,0.000354125,30.83333333,0.268,,27.08333333,* 24.53,3.795921,360.334585,425.8783799,54.9666667,0.454821,2782
Somalia,2021,153,105.8991667,0.140833333,0.000282917,2.916666667,0.230416667,,26.78333333,* 24.53,3.6572,347.394492,439.2667876,54.9666667,0.454821,3047
Somalia,2022,135,123.2933333,0.134166667,0.000195625,-3.583333333,0.21625,,26.9,* 24.53,3.025128,337.042732,475.5602678,54.9666667,0.454821,3119
Somalia,2023,382,127.2283333,0.151666667,0.000399583,18.83333333,0.25325,,27.04166667,* 24.53,3.079392,,494.9047339,,,3186
Somalia,2024,213,109.2008333,0.144166667,0.0004105,60.16666667,0.266083333,,27.625,,3.482155,,,,,2835
Somalia,2025,151,104.7416667,0.134416667,0.000272708,30,0.237333333,,27.11666667,,,,,,,4438
South Africa,2001,621,182.8716667,0.183333333,,,0.341583333,18430.95333,17.81666667,* 40.77,0.859492,941.83338,3398.34859,28.896978,30.19633,26
South Africa,2002,458,182.5941667,0.173333333,,22.22222222,0.316416667,18542.2775,17.96666667,* 41.45,0.947037,932.955972,2991.473523,29.372081,29.88376,20
South Africa,2003,398,170.3375,0.153333333,0.00089475,-13.25,0.294833333,16165.84167,18.3,* 42.13,0.996556,923.704712,2814.604883,29.8471841,29.5809,12
South Africa,2004,513,166.71,0.160833333,0.000771417,-9.666666667,0.315333333,13938.62083,18.23333333,* 42.82,1.007423,914.445817,4242.679191,30.3222871,29.2873,29
South Africa,2005,475,148.4733333,0.160833333,0.000707083,-12.5,0.31025,13823.8475,18.31666667,* 43.5,1.012609,905.232777,5441.893583,30.7973901,29.00254,8
South Africa,2006,650,166.62,0.184166667,0.000876167,36.25,0.342166667,17515.78917,17.64166667,* 44.18,1.021725,896.030877,6070.102282,31.2724931,28.72622,13
South Africa,2007,422,167.8975,0.16,0.000953042,-7.583333333,0.310916667,16055.6925,18.04166667,* 44.86,1.055065,886.626865,6305.752863,31.7475962,28.45799,32
South Africa,2008,444,161.73,0.170833333,0.001011958,1.416666667,0.320416667,17459.08,18.075,* 45.54,1.153096,876.461928,6824.343194,32.2226992,28.19749,43
South Africa,2009,492,153.2958333,0.175833333,0.000939542,9.166666667,0.32625,17808.37167,17.95,* 46.22,1.193905,866.060028,6392.763635,32.6978022,27.94439,50
South Africa,2010,523,161.925,0.169166667,0.000952542,10.5,0.325583333,17803.535,18.41666667,* 46.91,1.18291,855.875675,6577.832828,33.1729052,27.69837,43
South Africa,2011,581,188.9541667,0.181666667,0.000984458,41.75,0.3425,18032.165,17.50833333,* 47.59,1.236315,845.3595,8207.739834,33.6480082,27.45915,58
South Africa,2012,498,163.6266667,0.165833333,0.000958042,11.58333333,0.325666667,17082.825,17.90833333,* 48.27,1.474794,832.983669,8877.495892,34.1231113,27.22645,279
South Africa,2013,446,164.835,0.161666667,0.001003458,8.416666667,0.319333333,16705.98917,18.04166667,* 48.95,1.652652,819.330479,8286.848858,31.8883929,27,191
South Africa,2014,502,158.0933333,0.1675,0.001051208,10.41666667,0.32725,17631.09333,18.14166667,* 45.74,1.661445,805.83021,7526.481289,36.7700893,23.17037,229
South Africa,2015,346,174.795,0.1575,0.000838792,-21.75,0.30225,15584.88333,19.01666667,* 52.75,2.009888,789.795601,7043.693029,41.6517857,19.98928,360
South Africa,2016,425,174.6408333,0.159166667,0.000620458,-24.5,0.3075,12123.79083,19.00833333,* 59.75,0.940522,782.402223,6307.399498,42.5,19.84252,208
South Africa,2017,462,175.3116667,0.160833333,0.000904583,-0.333333333,0.319,15169.02,18.46666667,* 61,0.653837,777.303272,5799.101104,43.2589286,20.07224,148
South Africa,2018,393,173.9758333,0.158333333,0.000957375,-11.16666667,0.31225,16334.77333,18.55,* 62.06,1.68237,764.335544,6737.950286,43.8392857,15.09824,163
South Africa,2019,376,197.4516667,0.1475,0.000925042,-36.58333333,0.303833333,15350.03667,19.3,* 62.89,1.649575,751.830678,7040.561706,44.6428571,16.66667,216
South Africa,2020,490,169.32,0.160833333,0.000917542,-12.41666667,0.325083333,14590.54667,18.36666667,* 64.04,1.622164,739.733136,6678.256735,45.3348214,16.20738,266
South Africa,2021,592,170.49,0.1675,0.001093417,18.83333333,0.333416667,17656.67833,18.04166667,* 65.03,1.540557,728.424454,5728.62542,46.6294643,17.43522,358
South Africa,2022,613,191.1916667,0.185,0.001160917,48.58333333,0.360333333,18763.52583,18.30833333,* 66.89,1.413972,718.19721,7033.694707,47.1205357,17.44017,432
South Africa,2023,486,171.3891667,0.168333333,0.001154333,51.5,0.3375,18231.57167,18.425,* 67.6,1.328101,,6740.163094,,,405
South Africa,2024,377,160.7891667,0.150833333,0.00122475,3.416666667,0.32425,16001.56,19.09166667,,1.249514,,,,,419
South Africa,2025,615,180.4016667,0.173416667,0.001419292,14.58333333,0.36775,17473.03583,18.53333333,,,,,,,196
South Sudan,2001,983,1147.478333,0.2625,,,0.508916667,98.13083333,27.1,*,4.475776,,,,,
South Sudan,2002,814,1231.25,0.251666667,,6.333333333,0.491416667,89.9,27.625,*,4.470494,,,,,
South Sudan,2003,962,1084.335,0.255833333,0.000215833,7.583333333,0.499583333,88.98833333,27.625,*,4.53889,,,,,
South Sudan,2004,838,1179.514167,0.253333333,0.000186542,-19,0.494666667,92.8075,27.68333333,*,4.668506,,,,,
South Sudan,2005,920,1124.395,0.254166667,0.000225792,-17.83333333,0.490416667,94.92333333,28.03333333,*,4.819088,,,,,
South Sudan,2006,955,1392.865,0.2625,0.000250167,-7.666666667,0.512166667,87.30666667,27.46666667,*,4.965255,,,,,
South Sudan,2007,931,1553.01,0.264166667,0.000320125,20.58333333,0.530333333,84.10666667,27.41666667,*,5.039307,,,,,
South Sudan,2008,903,1568.690833,0.264166667,0.000287,34.58333333,0.5255,88.11166667,27.4,*,4.9859,,,,,
South Sudan,2009,799,1265.221667,0.244166667,0.000213167,-20.25,0.490166667,85.63583333,28.11666667,*,4.717161,,1710.558036,,,
South Sudan,2010,932,1376.211667,0.255833333,0.0002005,-30.5,0.505083333,77.875,27.88333333,*,5.292546,,1367.957442,,,
South Sudan,2011,859,1312.514167,0.25,0.000185417,-36.66666667,0.511,81.345,27.375,*,5.413664,,1565.600324,,,51
South Sudan,2012,925,1416.664167,0.25,0.000189083,-15.66666667,0.5275,85.74583333,27.40833333,*,4.449729,2417.20155,1541.467048,2.53076923,29.33131,187
South Sudan,2013,834,1440.301667,0.248333333,0.000242375,-5.166666667,0.52825,88.655,27.83333333,* 4.23,3.741202,2328.43988,1196.384034,2.53076923,29.33131,366
South Sudan,2014,838,1482.698333,0.2575,0.000384833,43.16666667,0.548,91.4875,27.69166667,* 4.23,0.614233,2314.18167,1800.280716,2.53076923,29.33131,868
South Sudan,2015,722,1492.189167,0.240833333,0.000252625,20.66666667,0.530833333,81.95666667,28.25,* 4.23,-1.14144,2340.74789,1335.358706,2.53076923,29.33131,816
South Sudan,2016,715,1583.7875,0.236666667,0.000255167,-0.916666667,0.52175,79.68333333,28.675,* 4.23,-2.52966,2400.71608,1128.044352,2.53076923,29.33131,892
South Sudan,2017,774,1614.753333,0.2375,0.000210708,-17.91666667,0.526833333,71.2775,28.55,* 4.23,-5.41591,2534.32203,,2.53076923,29.33131,1086
South Sudan,2018,715,1494.601667,0.235,0.000197958,-11.25,0.527083333,74.145,28.25,* 4.23,-1.33626,2568.41441,,2.53076923,29.33131,782
South Sudan,2019,908,1381.903333,0.244166667,0.000284208,-6.083333333,0.550833333,76.18,28.09166667,* 4.23,2.924395,2494.39146,,2.53076923,29.33131,520
South Sudan,2020,842,1603.116667,0.2525,0.00038475,73.58333333,0.565166667,89.90916667,27.84166667,* 4.23,2.604872,2430.25473,,2.53076923,29.33131,850
South Sudan,2021,682,1894.093333,0.2575,0.001071542,107.5,0.556166667,93.42916667,28.425,* 4.23,1.551794,2392.83328,,2.53076923,29.33131,1750
South Sudan,2022,708,1882.719167,0.258333333,0.002883583,120.5,0.5495,90.45666667,28.14166667,* 4.23,1.42002,2359.09468,,2.53076923,29.33131,1724
South Sudan,2023,585,1709.311667,0.2525,0.003344333,123.5,0.571833333,88.72416667,29.01666667,* 4.23,4.108165,,,,,1478
South Sudan,2024,698,1605.443333,0.250833333,0.003521333,148.75,0.577583333,87.7475,29.04166667,,3.927924,,,,,1235
South Sudan,2025,642,1805.21,0.238833333,0.004992417,166.1666667,0.56275,82.27583333,27.98333333,,,,,,,1714
Sudan,2001,234,4305.241667,0.1225,,,0.166,5654.0125,27.25833333,*,2.485416,,454.7734837,,,198
Sudan,2002,181,4408.573333,0.114166667,,-2.111111111,0.16075,5723.699167,27.46666667,*,2.465969,,568.8993451,,,321
Sudan,2003,232,4384.209167,0.12,0.000417833,0.666666667,0.17125,5499.473333,27.525,*,2.257384,,639.961893,,,202
Sudan,2004,179,3789.01,0.113333333,0.000470417,-13.08333333,0.162666667,5619.506667,27.475,*,2.185605,,734.2183231,,,542
Sudan,2005,228,3582.1575,0.118333333,0.000448875,-9.583333333,0.167,5678.8775,27.66666667,*,2.283559,,892.9803057,,,307
Sudan,2006,211,4052.4325,0.12,0.000463042,-5,0.167166667,5670.105,27.43333333,*,2.308196,,1150.330334,,,193
Sudan,2007,239,4415.246667,0.121666667,0.000506,16.08333333,0.177666667,5872.828333,27.24166667,*,2.3835,,1445.731539,,,130
Sudan,2008,179,4557.935,0.118333333,0.000460417,12.83333333,0.169333333,5513.46,27.54166667,*,2.590503,,1856.686672,,,288
Sudan,2009,184,3815.405833,0.114166667,0.000620625,-2,0.160916667,5294.6375,27.98333333,*,2.772109,,1981.896865,,,320
Sudan,2010,203,4190.949167,0.119166667,0.000609333,-9.083333333,0.166833333,5483.600833,28.48333333,*,2.415789,,1744.647864,,,257
Sudan,2011,165,3698.601667,0.110833333,0.00061525,-4.75,0.1625,5522.770833,27.18333333,*,2.03041,,2170.223246,,,278
Sudan,2012,185,3833.6425,0.114166667,0.000626542,0.666666667,0.172083333,5920.778333,27.49166667,*,2.14169,108.333037,2243.24403,673.375,3.527009,571
Sudan,2013,194,3925.175,0.1125,0.000683292,-4.083333333,0.168166667,6661.041667,27.83333333,* 118.66,2.309518,105.859736,1766.539237,673.375,3.527009,848
Sudan,2014,218,4768.369167,0.116666667,0.00070625,20.25,0.175666667,6490.570833,27.725,* 118.66,2.708638,103.030864,1802.20941,673.375,3.527009,1077
Sudan,2015,137,4949.200833,0.11,0.000693292,16.16666667,0.16425,6704.828333,27.85833333,* 118.66,3.0469,99.9389598,2046.927175,673.375,3.527009,1188
Sudan,2016,174,5114.95,0.109166667,0.000729083,17.91666667,0.169583333,6225.1625,28.00833333,* 118.66,3.040085,96.9464486,2210.603483,673.375,3.527009,1190
Sudan,2017,154,5391.200833,0.109166667,0.000699042,20.58333333,0.167083333,6276.558333,27.94166667,* 118.66,3.464301,93.6454405,2614.254512,673.375,3.527009,594
Sudan,2018,198,5905.913333,0.113333333,0.000752958,24.5,0.174083333,6477.045833,27.89166667,* 118.66,3.488287,90.4351368,3216.079315,673.375,3.527009,502
Sudan,2019,262,6096.34,0.116666667,0.000817083,34.75,0.182083333,6081.583333,27.73333333,* 118.66,2.935379,87.8191058,782.6818206,673.375,3.527009,461
Sudan,2020,203,5770.6125,0.1175,0.00082275,49.33333333,0.181,6494.414167,27.45,* 118.66,2.688251,85.4897572,764.2850541,673.375,3.527009,435
Sudan,2021,137,5944.291667,0.115,0.000754583,64.25,0.178083333,6868.980833,28.00833333,* 118.66,2.694122,83.2173076,623.8644331,673.375,3.527009,683
Sudan,2022,159,5844.750833,0.116666667,0.00085375,76.08333333,0.17975,6434.028333,27.40833333,* 118.66,2.701895,80.9989667,773.2046815,673.375,3.527009,909
Sudan,2023,99,6145.603333,0.113333333,0.000870833,94.83333333,0.182083333,6534.429167,28.61666667,* 118.66,1.326522,,1142.326785,,,4885
Sudan,2024,235,6713.531667,0.121666667,0.000947583,108.9166667,0.188916667,6667.613333,28,,0.808373,,,,,5959
Sudan,2025,134,7753.568333,0.108833333,0.000928,154.6666667,0.18575,6733.971667,27.98333333,,,,,,,3919
Tanzania,2001,867,405.1208333,0.2025,,,0.51475,31461.26417,22.39166667,,2.701521,2386.47896,404.1942466,5.62101935,10.87939,21
Tanzania,2002,1050,461.2841667,0.2125,,66.66666667,0.5255,33410.84667,22.475,,2.588507,2325.49744,400.0937204,6.17142857,10.1659,16
Tanzania,2003,680,380.6283333,0.194166667,0.05951575,35.16666667,0.488083333,29226.05667,23.00833333,,2.645256,2264.78856,405.6317762,6.17142857,10.1659,3
Tanzania,2004,941,379.5216667,0.200833333,0.058681792,-9.916666667,0.50225,22329.7225,22.7,,2.713261,2204.1651,424.779164,6.17142857,10.1659,26
Tanzania,2005,679,359.9341667,0.189166667,0.057803458,-25.58333333,0.478916667,19076.31417,23.25,,2.775139,2143.8374,452.3932716,6.17142857,10.1659,43
Tanzania,2006,1073,444.7166667,0.205833333,0.0585032,-67.91666667,0.5035,13869.9625,22.83333333,,2.800556,2084.63095,485.2140244,6.17142857,10.1659,8
Tanzania,2007,853,370.4441667,0.210833333,0.060299792,53.08333333,0.52275,19394.54417,22.89166667,,2.791333,2027.24658,478.1454831,6.17142857,10.1659,6
Tanzania,2008,898,385.2625,0.205833333,0.059928,36.91666667,0.515083333,20795.65917,22.55,,2.702859,1973.18683,544.4589866,6.17142857,10.1659,13
Tanzania,2009,803,399.0025,0.193333333,0.058130958,16.75,0.49525,21056.24833,23.05833333,,2.466937,1925.10507,677.512205,6.17142857,10.1659,5
Tanzania,2010,870,396.3166667,0.199166667,0.057565958,31.75,0.495666667,22718.62,23.15,,2.544485,1876.739,684.7793599,6.17142857,10.1659,3
Tanzania,2011,1024,403.1975,0.2,0.057895625,-1.333333333,0.503916667,19135.86583,22.85,,2.79985,1824.9219,732.3332165,6.17142857,10.1659,27
Tanzania,2012,902,326.0008333,0.200833333,0.056761367,9.833333333,0.496,16624.23083,22.94166667,,2.879944,1773.11477,769.8938785,6.17142857,10.1659,56
Tanzania,2013,927,354.2741667,0.1975,0.057453,9.416666667,0.49525,15062.71417,23.00833333,,3.014557,1720.46083,855.1444629,6.17142857,10.1659,48
Tanzania,2014,966,323.3208333,0.203333333,0.058130833,36.25,0.508916667,14812.13,22.98333333,,3.080403,1668.27165,956.1805765,6.17142857,10.1659,39
Tanzania,2015,946,303.2008333,0.196666667,0.057006792,6.916666667,0.498416667,12280.70167,23.25,,3.26181,1614.73369,1014.969271,6.17142857,10.1659,35
Tanzania,2016,908,309.5191667,0.195,0.059236917,66.66666667,0.497666667,15843.08333,23.25,,3.407295,1560.64172,933.9760739,6.17142857,10.1659,20
Tanzania,2017,944,301.1558333,0.190833333,0.058647667,27,0.496583333,12742.6175,23.38333333,,3.34143,1509.35558,952.2441222,6.17142857,10.1659,74
Tanzania,2018,1074,324.3133333,0.204166667,0.059886708,102.4166667,0.516,15241.1075,22.85833333,,3.155721,1462.46823,989.1306055,6.17142857,10.1659,38
Tanzania,2019,1095,363.7891667,0.198333333,0.057541,46,0.514833333,12848.37167,23.33333333,,2.980609,1419.52099,1027.210267,6.17142857,10.1659,33
Tanzania,2020,1201,374.1725,0.2175,0.060492833,254,0.54925,33366.52667,22.975,,2.993052,1377.66353,1067.528469,6.17142857,10.1659,49
Tanzania,2021,826,366.1516667,0.2,0.061316633,236.75,0.507083333,43509.56167,23.01666667,,3.001139,1336.93219,1122.195015,6.17142857,10.1659,49
Tanzania,2022,918,439.1991667,0.1925,0.059590292,171.5,0.485416667,39020.3425,22.94166667,,2.950467,1298.06268,1163.388039,6.17142857,10.1659,46
Tanzania,2023,1020,430.4275,0.198333333,0.059888833,201.5833333,0.510333333,39198.13,23.39166667,,2.902501,,1208.460636,,,58
Tanzania,2024,1189,441.3558333,0.211666667,0.058322783,347.25,0.525666667,51746.12417,23.26666667,,2.874267,,,,,81
Tanzania,2025,852,503.6508333,0.19975,0.057519083,398.0833333,0.50975,51747.44667,23.275,,,,,,,187
Togo,2001,941,19.60833333,0.221666667,,,0.506583333,952.28,27.23333333,* 2.58,2.636986,2179.11078,417.7697598,1.47246377,51.25984,0
Togo,2002,1219,22.17416667,0.2325,,-59.44444444,0.545416667,1044.609167,27.125,* 2.58,2.542394,2124.40752,403.3828817,1.46956522,52.66272,0
Togo,2003,1142,21.5625,0.236666667,0.000871667,-37.58333333,0.56175,1278.289167,27.25,* 2.57,2.533422,2071.26335,452.067638,1.62608696,56.80927,2
Togo,2004,1035,22.4325,0.239166667,0.000907583,-15.33333333,0.551166667,948.2908333,27.125,* 2.84,2.566505,2018.78063,546.1714303,1.7826087,60.22764,0
Togo,2005,1010,22.365,0.234166667,0.000805542,-21.33333333,0.543583333,1045.273333,27.34166667,* 3.12,2.567011,1967.6178,568.7768386,1.93913043,63.09417,13
Togo,2006,1101,19.22083333,0.233333333,0.000637208,-65.66666667,0.545583333,943.2108333,27.39166667,* 3.39,2.801243,1913.26488,559.6010453,1.93913043,63.09417,1
Togo,2007,1082,21.94416667,0.2325,0.000757292,-27.25,0.54875,1002.9375,27.325,* 3.39,2.913163,1858.33237,561.8291383,1.93913043,63.09417,0
Togo,2008,1033,21.94916667,0.230833333,0.000741583,33.33333333,0.540916667,906.7483333,27.25833333,* 3.39,2.874543,1805.67428,619.3281946,1.93913043,63.09417,1
Togo,2009,1089,23.53166667,0.239166667,0.000906833,66.91666667,0.556166667,962.7658333,27.55833333,* 3.39,2.833679,1755.22542,752.4766572,1.93913043,63.09417,1
Togo,2010,1166,20.67416667,0.235,0.000915958,100.75,0.554,942.0691667,27.85,* 3.39,2.721017,1708.10936,744.5336377,1.93913043,63.09417,1
Togo,2011,1004,19.61916667,0.228333333,0.000920333,125.3333333,0.548583333,987.71,27.55833333,* 3.39,2.694619,1662.69692,735.4268283,1.93913043,63.09417,1
Togo,2012,1255,19.37083333,0.234166667,0.000703375,119,0.548083333,1012.813333,27.275,* 3.39,2.629234,1619.55042,808.4107288,1.93913043,63.09417,2
Togo,2013,1028,18.87666667,0.231666667,0.000680042,67.83333333,0.553166667,789.6066667,27.45,* 3.39,2.567967,1578.49036,787.3207762,1.93913043,63.09417,7
Togo,2014,1209,16.32416667,0.228333333,0.000730333,43.66666667,0.551666667,817.5291667,27.45,* 3.39,2.534481,1538.98654,855.4675815,1.93913043,63.09417,2
Togo,2015,1048,16.38916667,0.219166667,0.000683708,3.833333333,0.525166667,929.8408333,27.60833333,* 3.39,2.520607,1500.67955,882.2121244,1.93913043,63.09417,2
Togo,2016,1260,18.09333333,0.22,0.000912167,-12.08333333,0.529083333,1057.524167,27.89166667,* 3.39,2.51399,1463.42289,785.6731082,1.93913043,63.09417,4
Togo,2017,1123,19.17916667,0.22,0.000761125,25.16666667,0.542333333,855.5975,27.825,* 3.39,2.498976,1427.30547,813.2098598,1.93913043,63.09417,14
Togo,2018,1251,17.1075,0.2275,0.000922625,59.75,0.545166667,1072.839167,27.575,* 3.39,2.471798,1392.45782,840.9574331,1.93913043,63.09417,3
Togo,2019,1291,19.90916667,0.225833333,0.000765875,102.75,0.552583333,1063.19,27.925,* 3.39,2.443512,1358.84528,901.8097,1.93913043,63.09417,14
Togo,2020,1047,17.93416667,0.22,0.00082575,105.25,0.543083333,848.5175,27.83333333,* 3.39,2.412474,1326.45576,875.5572582,1.93913043,63.09417,32
Togo,2021,943,17.53583333,0.220833333,0.000879792,108.1666667,0.538333333,1054.011667,28.15833333,* 3.39,2.37825,1295.28149,903.2211978,1.93913043,63.09417,12
Togo,2022,1084,19.26833333,0.226666667,0.000940708,142.5833333,0.54475,1115.559167,27.425,* 3.39,2.352709,1265.16298,992.2245807,1.93913043,63.09417,35
Togo,2023,1161,19.315,0.2325,0.001101458,183.5,0.56275,1252.584167,27.95833333,* 3.39,2.333455,,942.3651251,,,27
Togo,2024,928,17.83583333,0.224166667,0.000967958,168.3333333,0.548083333,937.6175,28.23333333,,2.241367,,,,,33
Togo,2025,910,16.62083333,0.235083333,0.000806917,86.58333333,0.53825,623.3608333,27.9,,,,,,,18
Tunisia,2001,139,,0.146666667,,,0.152666667,2239.109167,21.33333333,* 66.02,1.066922,425.039239,2222.649893,66.9606675,13.82576,3
Tunisia,2002,184,,0.155833333,,-23.44444444,0.147666667,2217.064167,20.95,* 71.33,1.02654,420.698359,2262.818908,67.318236,13.96065,2
Tunisia,2003,353,,0.164166667,0.001231417,-8.166666667,0.173083333,2566.973333,21,* 71.71,0.999023,416.51641,2353.486465,67.6758045,14.09137,1
Tunisia,2004,256,,0.160833333,0.001352333,0.833333333,0.178,2443.393333,20.60833333,* 72.09,0.934209,412.643394,2770.720551,68.0333731,14.21811,2
Tunisia,2005,237,,0.160833333,0.001251875,-0.916666667,0.166916667,2290.521667,20.5,* 72.47,0.874656,409.04992,3123.389906,68.3909416,14.34104,1
Tunisia,2006,242,,0.160833333,0.001128042,3.25,0.171416667,2188.76,20.89166667,* 72.85,0.882818,405.454646,3206.416215,68.7485101,14.46034,1
Tunisia,2007,257,,0.155833333,0.001117708,-0.333333333,0.176833333,2259.845,20.83333333,* 73.23,0.9168,401.754427,3385.401614,69.1060787,14.57617,1
Tunisia,2008,176,,0.154166667,0.00099525,-10.5,0.16325,2174.114167,20.9,* 73.61,0.961992,397.908113,3795.361804,69.4636472,14.68866,6
Tunisia,2009,315,,0.1625,0.001241625,-14.58333333,0.178666667,2521.866667,20.66666667,* 73.99,1.019632,393.871528,4330.114348,71.8712753,14.79797,0
Tunisia,2010,199,,0.154166667,0.001181958,-20.33333333,0.164833333,2159.453333,21.26666667,* 76.56,1.076733,389.653334,4150.29638,74.2789035,14.90423,12
Tunisia,2011,259,,0.158333333,0.001227792,-17.58333333,0.176666667,2327.431667,20.5,* 79.12,1.108961,385.356101,4366.926569,76.6865316,15.00756,133
Tunisia,2012,218,,0.146666667,0.001279667,-36.91666667,0.175583333,2358.040833,21.19166667,* 81.68,1.129111,381.029474,4502.135648,79.11323,15.89312,52
Tunisia,2013,193,,0.146666667,0.001175542,-51.66666667,0.164166667,2288.614167,20.93333333,* 84.27,1.189251,376.524915,4382.829004,81.5399285,16.73181,96
Tunisia,2014,212,,0.1475,0.001149583,-42.16666667,0.17275,2345.7875,21.43333333,* 86.85,1.186034,372.085581,4466.387438,83.9666269,17.52728,123
Tunisia,2015,199,,0.150833333,0.001205417,-53.16666667,0.171,2401.758333,20.80833333,* 89.44,1.12872,367.909391,4566.625676,86.3933254,18.28277,82
Tunisia,2016,201,,0.1475,0.0010965,-57.75,0.163583333,2192.673333,21.48333333,* 92.02,1.102539,363.875325,4116.101051,88.8200238,19.00122,107
Tunisia,2017,218,,0.15,0.001127208,-58.5,0.176333333,2121.3775,20.61666667,* 94.61,1.05116,360.070445,3945.822917,84.0524434,23.09181,100
Tunisia,2018,217,,0.155833333,0.001163375,-56.16666667,0.1815,2297.8525,21.06666667,* 89.53,0.982378,356.550509,3708.567797,90.1244338,22.53024,65
Tunisia,2019,245,,0.1525,0.001298333,-67.41666667,0.182166667,2503.428333,20.88333333,* 96,0.926946,353.260748,3711.914963,90.4171633,21.85824,63
Tunisia,2020,198,,0.1475,0.001321458,-75.08333333,0.17425,2260.395833,21.33333333,* 96.31,0.830022,350.340741,3603.08321,92.1096544,22.73234,43
Tunisia,2021,137,,0.1375,0.001171875,-100.3333333,0.166416667,2233.968333,21.85833333,* 98.11,0.62079,348.172596,3618.136747,92.1096544,22.73234,42
Tunisia,2022,121,,0.136666667,0.001021958,-110.5833333,0.161666667,2178.711667,21.90833333,* 98.11,0.585173,346.141133,3926.958114,92.1096544,22.73234,8
Tunisia,2023,189,,0.14,0.000915042,-132.5833333,0.1515,2125.788333,21.65,* 98.11,0.666925,,3881.527399,,,33
Tunisia,2024,164,,0.145,0.00094525,-93.66666667,0.167583333,2101.928333,22.18333333,,0.626519,,,,,23
Tunisia,2025,214,,0.148,0.001072542,-85.33333333,0.1795,2110.953333,21.60833333,,,,,,,16
Uganda,2001,1183,30.76333333,0.240833333,,,0.564833333,2780371.267,22.46666667,* 3.02,3.059069,1576.03292,265.7682104,0.88608974,50.19894,109
Uganda,2002,1047,23.21583333,0.2375,,65.33333333,0.55075,2784161.133,23.01666667,* 3.16,3.131588,1527.44286,243.1253544,0.92705128,54.08657,455
Uganda,2003,1063,28.29583333,0.238333333,0.144849167,81.16666667,0.552166667,2778389.133,23.05,* 3.31,3.158224,1479.95661,235.6817478,1.04476496,53.41037,651
Uganda,2004,1084,25.28166667,0.236666667,0.14427,26.5,0.544666667,2752825.433,23.08333333,* 3.73,2.999445,1436.22525,258.311011,1.16247863,52.87111,325
Uganda,2005,1083,26.96083333,0.233333333,0.145310833,-22.91666667,0.533916667,2727350.367,23.375,* 4.15,2.934921,1394.68573,300.7014769,1.28019231,52.43102,261
Uganda,2006,1286,27.45833333,0.2375,0.145079167,-63.91666667,0.551583333,2706719.417,22.89166667,* 4.57,2.927459,1354.4487,338.9732406,1.39790598,52.06505,266
Uganda,2007,1146,28.39166667,0.2425,0.1442405,38.75,0.576166667,2740672.533,22.85833333,* 4.99,2.941067,1315.19355,354.6766048,1.51561966,51.75593,75
Uganda,2008,1121,29.21166667,0.235,0.144489167,26,0.5425,2743031.2,22.71666667,* 5.41,2.944486,1277.03244,409.9714751,1.63333333,51.49137,66
Uganda,2009,1049,25.58416667,0.225,0.144084167,-2.5,0.531416667,2741090.175,23.35,* 5.83,2.941292,1240.01821,481.9634286,1.63333333,51.49137,73
Uganda,2010,1290,29.08833333,0.243333333,0.144128333,50.75,0.565083333,2750323.858,23.04166667,* 5.83,2.943891,1204.04552,812.5286355,1.63333333,51.49137,87
Uganda,2011,1283,27.255,0.236666667,0.14435125,38.16666667,0.558083333,2740925.15,22.83333333,* 5.83,2.931949,1169.25601,835.5343999,1.63333333,51.49137,62
Uganda,2012,1247,32.22333333,0.2375,0.143907083,112.1666667,0.56275,2759911.342,22.91666667,* 5.83,2.904226,1135.78654,845.7054294,1.63333333,51.49137,35
Uganda,2013,1168,28.42,0.24,0.143980833,166.9166667,0.569083333,2784271.975,22.89166667,* 5.83,2.869552,1103.65774,802.6267046,1.63333333,51.49137,33
Uganda,2014,1105,26.76583333,0.233333333,0.14387125,155.0833333,0.554833333,2787773.708,23.23333333,* 5.83,2.951445,1071.5599,823.0781511,1.63333333,51.49137,66
Uganda,2015,1123,24.54083333,0.229166667,0.143940417,169.0833333,0.552666667,2798504.433,23.49166667,* 5.83,3.073293,1039.12863,898.2145505,1.63333333,51.49137,85
Uganda,2016,925,28.23333333,0.223333333,0.143297917,181.8333333,0.544083333,2816031.458,23.925,* 5.83,3.321925,1005.17661,861.9598731,1.63333333,51.49137,102
Uganda,2017,1086,25.24916667,0.223333333,0.141886667,118.9166667,0.53275,2783158.558,23.6,* 5.83,3.490596,970.695258,749.9509182,1.63333333,51.49137,107
Uganda,2018,1184,28.10333333,0.2275,0.14182125,204.5833333,0.547833333,2797839.142,23.15,* 5.83,3.397411,938.270668,760.736022,1.63333333,51.49137,207
Uganda,2019,1308,27.91666667,0.231666667,0.141907167,168.5,0.566833333,2800533.25,23.375,* 5.83,3.391321,906.984401,784.8320619,1.63333333,51.49137,221
Uganda,2020,1383,26.86666667,0.249166667,0.144212167,397.75,0.584,2880076.658,23.03333333,* 5.83,3.333418,877.249177,812.4959035,1.63333333,51.49137,444
Uganda,2021,932,26.14666667,0.228333333,0.143784167,379.75,0.5525,2887758.667,23.46666667,* 5.83,3.217737,849.470921,835.5032964,1.63333333,51.49137,611
Uganda,2022,1014,26.99833333,0.2275,0.1357925,294.5,0.53325,2852864.075,23.41666667,* 5.83,3.007594,824.302657,871.6178345,1.63333333,51.49137,430
Uganda,2023,1143,24.27833333,0.230833333,0.1433175,324.1666667,0.561333333,2852780.842,23.83333333,* 5.83,2.800832,,949.2947112,,,369
Uganda,2024,1067,27.2,0.239166667,0.144489333,431.3333333,0.581166667,2894035.45,24.01666667,,2.753732,,,,,285
Uganda,2025,987,27.10833333,0.230166667,0.134330667,476.5833333,0.565083333,2881606.967,23.73333333,,,,,,,279
Zambia,2001,1059,402.5258333,0.196666667,,,0.553416667,188119.255,21.35833333,* 2.9,3.023942,7767.41531,350.2899277,1.98098504,18.2075,11
Zambia,2002,909,313.8208333,0.189166667,,-50.11111111,0.529583333,180568.3858,21.69166667,* 2.87,3.078124,7531.96695,387.9073217,1.96009975,18.44784,3
Zambia,2003,955,376.8516667,0.191666667,0.0154505,-16.5,0.542166667,176716.7683,21.59166667,* 2.84,3.10355,7301.79873,387.1330305,1.96009975,18.44784,10
Zambia,2004,1045,365.0033333,0.196666667,0.015731208,-11.58333333,0.555416667,181445.2492,21.25833333,* 2.84,3.177458,7073.43442,440.9983269,1.96009975,18.44784,8
Zambia,2005,783,255.5,0.179166667,0.014742,-94.83333333,0.51425,166602.545,22.19166667,* 2.84,3.301863,6843.69304,545.4963382,1.96009975,18.44784,12
Zambia,2006,1025,272.8858333,0.195833333,0.0150855,-58.83333333,0.555666667,159862.7658,21.34166667,* 2.84,3.444886,6611.95017,711.8398244,1.96009975,18.44784,22
Zambia,2007,1074,394.6408333,0.193333333,0.015322792,9.583333333,0.545166667,160953.8083,21.48333333,* 2.84,3.527706,6382.76621,1061.639688,1.96009975,18.44784,25
Zambia,2008,1074,343.9433333,0.195,0.015170542,52.58333333,0.550333333,176542.8217,21.20833333,* 2.84,3.566639,6159.1279,1139.175264,1.96009975,18.44784,4
Zambia,2009,995,307.5425,0.201666667,0.016286208,108.5833333,0.562083333,183887.19,21.23333333,* 2.84,3.538918,5944.97312,1412.897219,1.96009975,18.44784,9
Zambia,2010,1104,348.4441667,0.200833333,0.016279833,135.0833333,0.555333333,188991.925,21.71666667,* 2.84,3.461923,5742.68449,1176.086773,1.96009975,18.44784,9
Zambia,2011,1028,331.7466667,0.1975,0.015778542,105.1666667,0.553333333,189664.8158,21.36666667,* 2.84,3.325276,5554.86447,1510.982897,1.96009975,18.44784,17
Zambia,2012,1037,316.9816667,0.188333333,0.015398283,92.58333333,0.542416667,185916.615,21.55,* 2.84,3.2426,5377.63143,1697.958454,1.96009975,18.44784,22
Zambia,2013,999,239.5783333,0.183333333,0.015202792,68.16666667,0.53525,185620.3183,21.83333333,* 2.84,3.202688,5208.13141,1790.268749,1.96009975,18.44784,40
Zambia,2014,989,296.8691667,0.189166667,0.016434917,75.33333333,0.538916667,181405.155,21.89166667,* 2.84,3.172203,5045.51184,1907.587698,1.96009975,18.44784,45
Zambia,2015,958,286.4433333,0.18,0.014452292,-6.75,0.537583333,162792.94,21.98333333,* 2.84,3.120137,4890.51556,1789.700901,1.96009975,18.44784,47
Zambia,2016,1015,308.5,0.179166667,0.014300833,-43,0.53425,152701.1717,22.125,* 2.84,3.094091,4741.51557,1358.638631,1.96009975,18.44784,52
Zambia,2017,1161,323.8725,0.199166667,0.015107833,53.41666667,0.568666667,166063.3383,21.60833333,* 2.84,3.067541,4598.27582,1299.929351,1.96009975,18.44784,14
Zambia,2018,1045,263.3958333,0.191666667,0.016422458,87.83333333,0.548666667,181711.1742,21.91666667,* 2.84,3.006019,4462.10766,1557.661376,1.96009975,18.44784,29
Zambia,2019,943,283.3175,0.175,0.01517775,-20,0.526166667,157692.8808,22.225,* 2.84,2.961622,4331.89464,1538.26107,1.96009975,18.44784,22
Zambia,2020,1180,352.3916667,0.186666667,0.016862792,70.08333333,0.541,158852.9833,21.78333333,* 2.84,2.904165,4207.89852,1323.71931,1.96009975,18.44784,80
Zambia,2021,969,375.9641667,0.1875,0.015819042,121.3333333,0.543916667,168913.615,21.74166667,* 2.84,2.815342,4091.08385,999.26697,1.96009975,18.44784,75
Zambia,2022,1209,352.7291667,0.191666667,0.014037217,60.66666667,0.548416667,155698.2975,21.55,* 2.84,2.76365,3979.56864,1185.889616,1.96009975,18.44784,38
Zambia,2023,1034,326.6591667,0.181666667,0.014704208,109.4166667,0.5305,156090.3842,22.36666667,* 2.84,2.794068,,1547.658496,,,37
Zambia,2024,741,305.2991667,0.165833333,0.013805367,-1.583333333,0.499666667,150018.0742,22.43333333,,2.811823,,,,,10
Zambia,2025,1037,423.1258333,0.177666667,0.013745542,-31.91666667,0.52425,149754.1217,21.65,,,,,,,33
Zimbabwe,2001,868,545.5608333,0.178333333,,,0.475,545.5608333,20.83333333,* 35.74,0.669179,1024.0646,564.4455915,32.675367,14.00732,280
Zimbabwe,2002,397,467.1783333,0.153333333,,0.555555556,0.408416667,467.1783333,21.45833333,* 37.61,0.96222,1014.2581,569.3908981,34.2985318,14.00713,656
Zimbabwe,2003,682,477.9,0.16,0.008107917,-4.666666667,0.424833333,477.9,21.275,* 39.48,1.189736,1002.26261,531.2000512,33.2626427,13.63904,254
Zimbabwe,2004,743,505.0325,0.171666667,0.008278792,31.83333333,0.447416667,505.0325,20.9,* 38.28,1.086049,991.436447,478.560683,32.2267537,13.24728,242
Zimbabwe,2005,556,470.5,0.151666667,0.007730542,-55.25,0.398,470.5,21.99166667,* 37.09,0.945996,982.101717,483.7527814,31.1908646,12.8295,200
Zimbabwe,2006,708,418.7866667,0.17,0.007713875,16.5,0.457416667,418.7866667,21.01666667,* 35.9,1.218277,970.20958,477.6692141,30.1549755,12.38301,91
Zimbabwe,2007,826,459.1383333,0.16,0.007667083,-37.41666667,0.420916667,459.1383333,21.10833333,* 34.71,1.317705,957.50894,449.2990916,29.1190865,11.90476,159
Zimbabwe,2008,682,451.0841667,0.161666667,0.008005625,23.5,0.42825,451.0841667,20.98333333,* 33.51,1.203987,946.049775,433.5488809,28.9413744,12.70464,700
Zimbabwe,2009,664,450.2033333,0.175833333,0.00808625,29.41666667,0.460833333,450.2033333,20.74166667,* 33.31,1.407129,932.830853,358.4734756,28.7636623,13.51439,147
Zimbabwe,2010,757,497.26,0.1725,0.0082455,26.83333333,0.45825,497.26,21.50833333,* 33.1,1.613343,917.901841,776.1280595,28.5859502,14.33422,127
Zimbabwe,2011,659,412.7,0.165,0.008329333,6.583333333,0.43525,412.7,21.20833333,* 32.9,1.772651,901.774009,954.6982775,28.4082382,15.16431,196
Zimbabwe,2012,564,444.2041667,0.1475,0.008019042,-45.5,0.405916667,444.2041667,21.5,* 32.7,1.623065,887.255772,1101.985179,28.2305261,16.00484,126
Zimbabwe,2013,745,384.2108333,0.155,0.008079333,-28.66666667,0.4185,384.2108333,21.30833333,* 32.49,1.407922,874.851432,1315.98645,28.052814,16.85602,65
Zimbabwe,2014,833,393.065,0.1675,0.008077792,12.58333333,0.440416667,393.065,21.16666667,* 32.28,1.371694,862.933076,1442.603106,27.875102,17.71806,97
Zimbabwe,2015,507,401.4058333,0.149166667,0.007583042,-64.75,0.422666667,401.4058333,21.9,* 32.08,1.339959,851.447249,1447.380964,27.6973899,18.59116,153
Zimbabwe,2016,666,460.2475,0.149166667,0.007373292,-125.1666667,0.414916667,460.2475,22.075,* 31.87,1.3882,839.709118,1456.990546,27.7487765,17.61766,105
Zimbabwe,2017,919,471.9166667,0.18,0.007826042,30.41666667,0.486333333,471.9166667,20.93333333,* 31.94,1.442854,827.680331,1475.871688,27.2349103,14.60573,208
Zimbabwe,2018,661,411.2525,0.163333333,0.008248708,12,0.447333333,411.2525,21.63333333,* 31.35,1.487416,815.460384,1244.127479,30.7616774,17.20749,238
Zimbabwe,2019,577,426.5958333,0.144166667,0.007549458,-82.33333333,0.410583333,426.5958333,22.15833333,* 35.41,1.563534,802.809545,2382.116803,34.553543,13.253,96
Zimbabwe,2020,772,485.3133333,0.1525,0.007426917,-96.25,0.41775,485.3133333,21.5,* 39.77,1.659353,789.598019,1501.220308,40.0463246,11.14285,92
Zimbabwe,2021,750,379.2683333,0.169166667,0.00780925,7.916666667,0.464833333,379.2683333,21.275,* 46.09,1.726011,776.08641,1457.810824,40.0463246,11.14285,84
Zimbabwe,2022,724,544.0441667,0.174166667,0.007537792,-42.5,0.47525,544.0441667,21.3,* 46.09,1.706209,762.957077,1881.383122,40.0463246,11.14285,142
Zimbabwe,2023,736,432.7766667,0.16,0.00752075,-35.66666667,0.430166667,432.7766667,22.05833333,* 46.09,1.677096,,1341.654684,,,173
Zimbabwe,2024,389,471.26,0.138333333,0.006256333,-134.4166667,0.396583333,471.26,22.63333333,,1.780482,,,,,50
Zimbabwe,2025,893,522.0616667,0.165333333,0.006296958,-169.0833333,0.471,522.0616667,21.50833333,,,,,,,22
,,,,,,,,,,,,,,,,
,,,,,,,,,,,,,,,,
,,,,,,,,,,,,,,,,
,,,,,,,,,,,,,,,,
,,,,,,,,,,,,,,,,
,,,,,,,,,,,,,,,,
,,,,,,,,,,,,,,,,
,,,,,,,,,,,,,,,,
,,,,,,,,,,,,,,,,
,,,,,,,,,,,,,,,,
,,,,,,,,,,,,,,,,
,,,,,,,,,,,,,,,,
,,,,,,,,,,,,,,,,
,,,,,,,,,,,,,,,,
,,,,,,,,,,,,,,,,
,,,,,,,,,,,,,,,,
,,,,,,,,,,,,,,,,
,,,,,,,,,,,,,,,,
,,,,,,,,,,,,,,,,
,,,,,,,,,,,,,,,,
,,,,,,,,,,,,,,,,
,,,,,,,,,,,,,,,,
,,,,,,,,,,,,,,,,
,,,,,,,,,,,,,,,,
,,,,,,,,,,,,,,,,
,,,,,,,,,,,,,,,,
,,,,,,,,,,,,,,,,
,,,,,,,,,,,,,,,,
,,,,,,,,,,,,,,,,
,,,,,,,,,,,,,,,,
,,,,,,,,,,,,,,,,
,,,,,,,,,,,,,,,,
,,,,,,,,,,,,,,,,
,,,,,,,,,,,,,,,,
,,,,,,,,,,,,,,,,
,,,,,,,,,,,,,,,,
,,,,,,,,,,,,,,,,
,,,,,,,,,,,,,,,,
,,,,,,,,,,,,,,,,
,,,,,,,,,,,,,,,,
,,,,,,,,,,,,,,,,
,,,,,,,,,,,,,,,,
,,,,,,,,,,,,,,,,
,,,,,,,,,,,,,,,,
,,,,,,,,,,,,,,,,
,,,,,,,,,,,,,,,,
,,,,,,,,,,,,,,,,
,,,,,,,,,,,,,,,,
,,,,,,,,,,,,,,,,
,,,,,,,,,,,,,,,,
,,,,,,,,,,,,,,,,
,,,,,,,,,,,,,,,,
,,,,,,,,,,,,,,,,
,,,,,,,,,,,,,,,,
,,,,,,,,,,,,,,,,
,,,,,,,,,,,,,,,,
,,,,,,,,,,,,,,,,
,,,,,,,,,,,,,,,,
,,,,,,,,,,,,,,,,
,,,,,,,,,,,,,,,,
,,,,,,,,,,,,,,,,
,,,,,,,,,,,,,,,,
,,,,,,,,,,,,,,,,
,,,,,,,,,,,,,,,,
,,,,,,,,,,,,,,,,
,,,,,,,,,,,,,,,,
,,,,,,,,,,,,,,,,
,,,,,,,,,,,,,,,,
,,,,,,,,,,,,,,,,
,,,,,,,,,,,,,,,,
,,,,,,,,,,,,,,,,
,,,,,,,,,,,,,,,,
,,,,,,,,,,,,,,,,
,,,,,,,,,,,,,,,,
,,,,,,,,,,,,,,,,
,,,,,,,,,,,,,,,,
,,,,,,,,,,,,,,,,
,,,,,,,,,,,,,,,,
,,,,,,,,,,,,,,,,
,,,,,,,,,,,,,,,,
,,,,,,,,,,,,,,,,
,,,,,,,,,,,,,,,,
,,,,,,,,,,,,,,,,
,,,,,,,,,,,,,,,,
,,,,,,,,,,,,,,,,
,,,,,,,,,,,,,,,,
,,,,,,,,,,,,,,,,
,,,,,,,,,,,,,,,,
,,,,,,,,,,,,,,,,
,,,,,,,,,,,,,,,,
,,,,,,,,,,,,,,,,
,,,,,,,,,,,,,,,,
,,,,,,,,,,,,,,,,
,,,,,,,,,,,,,,,,
,,,,,,,,,,,,,,,,
,,,,,,,,,,,,,,,,
,,,,,,,,,,,,,,,,
,,,,,,,,,,,,,,,,
,,,,,,,,,,,,,,,,
,,,,,,,,,,,,,,,,
,,,,,,,,,,,,,,,,
,,,,,,,,,,,,,,,,
,,,,,,,,,,,,,,,,
,,,,,,,,,,,,,,,,
,,,,,,,,,,,,,,,,
,,,,,,,,,,,,,,,,
,,,,,,,,,,,,,,,,
,,,,,,,,,,,,,,,,
,,,,,,,,,,,,,,,,
,,,,,,,,,,,,,,,,
,,,,,,,,,,,,,,,,
,,,,,,,,,,,,,,,,
,,,,,,,,,,,,,,,,
,,,,,,,,,,,,,,,,
,,,,,,,,,,,,,,,,
,,,,,,,,,,,,,,,,
,,,,,,,,,,,,,,,,
,,,,,,,,,,,,,,,,
,,,,,,,,,,,,,,,,
,,,,,,,,,,,,,,,,
,,,,,,,,,,,,,,,,
,,,,,,,,,,,,,,,,
,,,,,,,,,,,,,,,,
,,,,,,,,,,,,,,,,
,,,,,,,,,,,,,,,,
,,,,,,,,,,,,,,,,
,,,,,,,,,,,,,,,,
,,,,,,,,,,,,,,,,
,,,,,,,,,,,,,,,,
,,,,,,,,,,,,,,,,
,,,,,,,,,,,,,,,,
,,,,,,,,,,,,,,,,
,,,,,,,,,,,,,,,,
,,,,,,,,,,,,,,,,
,,,,,,,,,,,,,,,,
,,,,,,,,,,,,,,,,
,,,,,,,,,,,,,,,,
,,,,,,,,,,,,,,,,
,,,,,,,,,,,,,,,,
,,,,,,,,,,,,,,,,
,,,,,,,,,,,,,,,,
,,,,,,,,,,,,,,,,
,,,,,,,,,,,,,,,,
,,,,,,,,,,,,,,,,
,,,,,,,,,,,,,,,,
,,,,,,,,,,,,,,,,
,,,,,,,,,,,,,,,,
,,,,,,,,,,,,,,,,
,,,,,,,,,,,,,,,,
,,,,,,,,,,,,,,,,
,,,,,,,,,,,,,,,,
,,,,,,,,,,,,,,,,
,,,,,,,,,,,,,,,,
,,,,,,,,,,,,,,,,
,,,,,,,,,,,,,,,,
,,,,,,,,,,,,,,,,
,,,,,,,,,,,,,,,,
,,,,,,,,,,,,,,,,
,,,,,,,,,,,,,,,,
,,,,,,,,,,,,,,,,
,,,,,,,,,,,,,,,,
,,,,,,,,,,,,,,,,
,,,,,,,,,,,,,,,,
,,,,,,,,,,,,,,,,
,,,,,,,,,,,,,,,,
,,,,,,,,,,,,,,,,
,,,,,,,,,,,,,,,,
,,,,,,,,,,,,,,,,
,,,,,,,,,,,,,,,,
,,,,,,,,,,,,,,,,
,,,,,,,,,,,,,,,,
,,,,,,,,,,,,,,,,
,,,,,,,,,,,,,,,,
,,,,,,,,,,,,,,,,
,,,,,,,,,,,,,,,,
,,,,,,,,,,,,,,,,
,,,,,,,,,,,,,,,,
,,,,,,,,,,,,,,,,
,,,,,,,,,,,,,,,,
,,,,,,,,,,,,,,,,
,,,,,,,,,,,,,,,,
,,,,,,,,,,,,,,,,
,,,,,,,,,,,,,,,,
,,,,,,,,,,,,,,,,
,,,,,,,,,,,,,,,,
,,,,,,,,,,,,,,,,
,,,,,,,,,,,,,,,,
,,,,,,,,,,,,,,,,
,,,,,,,,,,,,,,,,
,,,,,,,,,,,,,,,,
,,,,,,,,,,,,,,,,
,,,,,,,,,,,,,,,,
,,,,,,,,,,,,,,,,
,,,,,,,,,,,,,,,,
,,,,,,,,,,,,,,,,
,,,,,,,,,,,,,,,,
,,,,,,,,,,,,,,,,
,,,,,,,,,,,,,,,,
,,,,,,,,,,,,,,,,
,,,,,,,,,,,,,,,,
,,,,,,,,,,,,,,,,
,,,,,,,,,,,,,,,,
,,,,,,,,,,,,,,,,
,,,,,,,,,,,,,,,,
,,,,,,,,,,,,,,,,
,,,,,,,,,,,,,,,,
,,,,,,,,,,,,,,,,
,,,,,,,,,,,,,,,,
,,,,,,,,,,,,,,,,
,,,,,,,,,,,,,,,,
,,,,,,,,,,,,,,,,
,,,,,,,,,,,,,,,,
,,,,,,,,,,,,,,,,
,,,,,,,,,,,,,,,,
,,,,,,,,,,,,,,,,
,,,,,,,,,,,,,,,,
,,,,,,,,,,,,,,,,
,,,,,,,,,,,,,,,,
,,,,,,,,,,,,,,,,
,,,,,,,,,,,,,,,,
,,,,,,,,,,,,,,,,
,,,,,,,,,,,,,,,,
,,,,,,,,,,,,,,,,
,,,,,,,,,,,,,,,,
,,,,,,,,,,,,,,,,
,,,,,,,,,,,,,,,,
,,,,,,,,,,,,,,,,
,,,,,,,,,,,,,,,,
,,,,,,,,,,,,,,,,
,,,,,,,,,,,,,,,,
,,,,,,,,,,,,,,,,
,,,,,,,,,,,,,,,,
,,,,,,,,,,,,,,,,
,,,,,,,,,,,,,,,,
,,,,,,,,,,,,,,,,
,,,,,,,,,,,,,,,,
,,,,,,,,,,,,,,,,
,,,,,,,,,,,,,,,,
,,,,,,,,,,,,,,,,
,,,,,,,,,,,,,,,,
,,,,,,,,,,,,,,,,
,,,,,,,,,,,,,,,,
,,,,,,,,,,,,,,,,
,,,,,,,,,,,,,,,,
,,,,,,,,,,,,,,,,
,,,,,,,,,,,,,,,,
,,,,,,,,,,,,,,,,
,,,,,,,,,,,,,,,,
,,,,,,,,,,,,,,,,
,,,,,,,,,,,,,,,,
,,,,,,,,,,,,,,,,
,,,,,,,,,,,,,,,,
,,,,,,,,,,,,,,,,
,,,,,,,,,,,,,,,,
,,,,,,,,,,,,,,,,
,,,,,,,,,,,,,,,,
,,,,,,,,,,,,,,,,
,,,,,,,,,,,,,,,,
,,,,,,,,,,,,,,,,
,,,,,,,,,,,,,,,,
,,,,,,,,,,,,,,,,
,,,,,,,,,,,,,,,,
,,,,,,,,,,,,,,,,
,,,,,,,,,,,,,,,,
,,,,,,,,,,,,,,,,
,,,,,,,,,,,,,,,,
,,,,,,,,,,,,,,,,
,,,,,,,,,,,,,,,,
,,,,,,,,,,,,,,,,
,,,,,,,,,,,,,,,,
,,,,,,,,,,,,,,,,
,,,,,,,,,,,,,,,,
,,,,,,,,,,,,,,,,
,,,,,,,,,,,,,,,,
,,,,,,,,,,,,,,,,
,,,,,,,,,,,,,,,,
,,,,,,,,,,,,,,,,
,,,,,,,,,,,,,,,,
,,,,,,,,,,,,,,,,
,,,,,,,,,,,,,,,,
,,,,,,,,,,,,,,,,
,,,,,,,,,,,,,,,,
,,,,,,,,,,,,,,,,
,,,,,,,,,,,,,,,,
,,,,,,,,,,,,,,,,
,,,,,,,,,,,,,,,,
,,,,,,,,,,,,,,,,
,,,,,,,,,,,,,,,,
,,,,,,,,,,,,,,,,
,,,,,,,,,,,,,,,,
,,,,,,,,,,,,,,,,
,,,,,,,,,,,,,,,,
,,,,,,,,,,,,,,,,
,,,,,,,,,,,,,,,,
,,,,,,,,,,,,,,,,
,,,,,,,,,,,,,,,,
,,,,,,,,,,,,,,,,
,,,,,,,,,,,,,,,,
,,,,,,,,,,,,,,,,
,,,,,,,,,,,,,,,,
,,,,,,,,,,,,,,,,
,,,,,,,,,,,,,,,,
,,,,,,,,,,,,,,,,
,,,,,,,,,,,,,,,,
,,,,,,,,,,,,,,,,
,,,,,,,,,,,,,,,,
,,,,,,,,,,,,,,,,
,,,,,,,,,,,,,,,,
,,,,,,,,,,,,,,,,
,,,,,,,,,,,,,,,,
,,,,,,,,,,,,,,,,
,,,,,,,,,,,,,,,,
,,,,,,,,,,,,,,,,
,,,,,,,,,,,,,,,,
,,,,,,,,,,,,,,,,
,,,,,,,,,,,,,,,,
,,,,,,,,,,,,,,,,
,,,,,,,,,,,,,,,,
,,,,,,,,,,,,,,,,
,,,,,,,,,,,,,,,,
,,,,,,,,,,,,,,,,
,,,,,,,,,,,,,,,,
,,,,,,,,,,,,,,,,
,,,,,,,,,,,,,,,,
,,,,,,,,,,,,,,,,
,,,,,,,,,,,,,,,,
,,,,,,,,,,,,,,,,
,,,,,,,,,,,,,,,,
,,,,,,,,,,,,,,,,
,,,,,,,,,,,,,,,,
,,,,,,,,,,,,,,,,
,,,,,,,,,,,,,,,,
,,,,,,,,,,,,,,,,
,,,,,,,,,,,,,,,,
,,,,,,,,,,,,,,,,
,,,,,,,,,,,,,,,,
,,,,,,,,,,,,,,,,
,,,,,,,,,,,,,,,,
,,,,,,,,,,,,,,,,
,,,,,,,,,,,,,,,,
,,,,,,,,,,,,,,,,
,,,,,,,,,,,,,,,,
,,,,,,,,,,,,,,,,
,,,,,,,,,,,,,,,,
,,,,,,,,,,,,,,,,
,,,,,,,,,,,,,,,,
,,,,,,,,,,,,,,,,
,,,,,,,,,,,,,,,,
,,,,,,,,,,,,,,,,
,,,,,,,,,,,,,,,,
,,,,,,,,,,,,,,,,
,,,,,,,,,,,,,,,,
,,,,,,,,,,,,,,,,
,,,,,,,,,,,,,,,,
,,,,,,,,,,,,,,,,
,,,,,,,,,,,,,,,,
,,,,,,,,,,,,,,,,
,,,,,,,,,,,,,,,,
,,,,,,,,,,,,,,,,
,,,,,,,,,,,,,,,,
,,,,,,,,,,,,,,,,
,,,,,,,,,,,,,,,,
,,,,,,,,,,,,,,,,
,,,,,,,,,,,,,,,,
,,,,,,,,,,,,,,,,
,,,,,,,,,,,,,,,,
,,,,,,,,,,,,,,,,
,,,,,,,,,,,,,,,,
,,,,,,,,,,,,,,,,
,,,,,,,,,,,,,,,,
,,,,,,,,,,,,,,,,
,,,,,,,,,,,,,,,,
,,,,,,,,,,,,,,,,
,,,,,,,,,,,,,,,,
,,,,,,,,,,,,,,,,
,,,,,,,,,,,,,,,,
,,,,,,,,,,,,,,,,
,,,,,,,,,,,,,,,,
,,,,,,,,,,,,,,,,
,,,,,,,,,,,,,,,,
,,,,,,,,,,,,,,,,
,,,,,,,,,,,,,,,,
,,,,,,,,,,,,,,,,
,,,,,,,,,,,,,,,,
,,,,,,,,,,,,,,,,
,,,,,,,,,,,,,,,,
,,,,,,,,,,,,,,,,
,,,,,,,,,,,,,,,,
,,,,,,,,,,,,,,,,
,,,,,,,,,,,,,,,,
,,,,,,,,,,,,,,,,
,,,,,,,,,,,,,,,,
,,,,,,,,,,,,,,,,
,,,,,,,,,,,,,,,,
,,,,,,,,,,,,,,,,
,,,,,,,,,,,,,,,,
,,,,,,,,,,,,,,,,
,,,,,,,,,,,,,,,,
,,,,,,,,,,,,,,,,
,,,,,,,,,,,,,,,,
,,,,,,,,,,,,,,,,
,,,,,,,,,,,,,,,,
,,,,,,,,,,,,,,,,
,,,,,,,,,,,,,,,,
,,,,,,,,,,,,,,,,
,,,,,,,,,,,,,,,,
,,,,,,,,,,,,,,,,
,,,,,,,,,,,,,,,,
,,,,,,,,,,,,,,,,
,,,,,,,,,,,,,,,,
,,,,,,,,,,,,,,,,
,,,,,,,,,,,,,,,,
,,,,,,,,,,,,,,,,
,,,,,,,,,,,,,,,,
,,,,,,,,,,,,,,,,
,,,,,,,,,,,,,,,,
,,,,,,,,,,,,,,,,
,,,,,,,,,,,,,,,,
,,,,,,,,,,,,,,,,
,,,,,,,,,,,,,,,,
,,,,,,,,,,,,,,,,
,,,,,,,,,,,,,,,,
,,,,,,,,,,,,,,,,
,,,,,,,,,,,,,,,,
,,,,,,,,,,,,,,,,
,,,,,,,,,,,,,,,,
,,,,,,,,,,,,,,,,
,,,,,,,,,,,,,,,,
,,,,,,,,,,,,,,,,
,,,,,,,,,,,,,,,,
,,,,,,,,,,,,,,,,
,,,,,,,,,,,,,,,,
,,,,,,,,,,,,,,,,
,,,,,,,,,,,,,,,,
,,,,,,,,,,,,,,,,
,,,,,,,,,,,,,,,,
,,,,,,,,,,,,,,,,
,,,,,,,,,,,,,,,,
,,,,,,,,,,,,,,,,
,,,,,,,,,,,,,,,,
,,,,,,,,,,,,,,,,
,,,,,,,,,,,,,,,,
,,,,,,,,,,,,,,,,
,,,,,,,,,,,,,,,,
,,,,,,,,,,,,,,,,
,,,,,,,,,,,,,,,,
,,,,,,,,,,,,,,,,
,,,,,,,,,,,,,,,,
,,,,,,,,,,,,,,,,
,,,,,,,,,,,,,,,,
,,,,,,,,,,,,,,,,
,,,,,,,,,,,,,,,,
,,,,,,,,,,,,,,,,
,,,,,,,,,,,,,,,,
,,,,,,,,,,,,,,,,
,,,,,,,,,,,,,,,,
,,,,,,,,,,,,,,,,
,,,,,,,,,,,,,,,,
,,,,,,,,,,,,,,,,
,,,,,,,,,,,,,,,,
,,,,,,,,,,,,,,,,
,,,,,,,,,,,,,,,,
,,,,,,,,,,,,,,,,
,,,,,,,,,,,,,,,,
,,,,,,,,,,,,,,,,
,,,,,,,,,,,,,,,,
,,,,,,,,,,,,,,,,
,,,,,,,,,,,,,,,,
,,,,,,,,,,,,,,,,
,,,,,,,,,,,,,,,,
,,,,,,,,,,,,,,,,
,,,,,,,,,,,,,,,,
,,,,,,,,,,,,,,,,
,,,,,,,,,,,,,,,,
,,,,,,,,,,,,,,,,
,,,,,,,,,,,,,,,,
,,,,,,,,,,,,,,,,
,,,,,,,,,,,,,,,,
,,,,,,,,,,,,,,,,
,,,,,,,,,,,,,,,,
,,,,,,,,,,,,,,,,
,,,,,,,,,,,,,,,,
,,,,,,,,,,,,,,,,
,,,,,,,,,,,,,,,,
,,,,,,,,,,,,,,,,
,,,,,,,,,,,,,,,,
,,,,,,,,,,,,,,,,
,,,,,,,,,,,,,,,,
,,,,,,,,,,,,,,,,
,,,,,,,,,,,,,,,,
,,,,,,,,,,,,,,,,
,,,,,,,,,,,,,,,,
,,,,,,,,,,,,,,,,
,,,,,,,,,,,,,,,,
,,,,,,,,,,,,,,,,
,,,,,,,,,,,,,,,,
,,,,,,,,,,,,,,,,
,,,,,,,,,,,,,,,,
,,,,,,,,,,,,,,,,
,,,,,,,,,,,,,,,,
,,,,,,,,,,,,,,,,
,,,,,,,,,,,,,,,,
,,,,,,,,,,,,,,,,
,,,,,,,,,,,,,,,,
,,,,,,,,,,,,,,,,
,,,,,,,,,,,,,,,,
,,,,,,,,,,,,,,,,
,,,,,,,,,,,,,,,,
,,,,,,,,,,,,,,,,
,,,,,,,,,,,,,,,,
,,,,,,,,,,,,,,,,
,,,,,,,,,,,,,,,,
,,,,,,,,,,,,,,,,
,,,,,,,,,,,,,,,,
,,,,,,,,,,,,,,,,
,,,,,,,,,,,,,,,,
,,,,,,,,,,,,,,,,
,,,,,,,,,,,,,,,,
,,,,,,,,,,,,,,,,
,,,,,,,,,,,,,,,,
,,,,,,,,,,,,,,,,
,,,,,,,,,,,,,,,,
,,,,,,,,,,,,,,,,
,,,,,,,,,,,,,,,,
,,,,,,,,,,,,,,,,
,,,,,,,,,,,,,,,,
,,,,,,,,,,,,,,,,
,,,,,,,,,,,,,,,,
,,,,,,,,,,,,,,,,
,,,,,,,,,,,,,,,,
,,,,,,,,,,,,,,,,
,,,,,,,,,,,,,,,,
,,,,,,,,,,,,,,,,
,,,,,,,,,,,,,,,,
,,,,,,,,,,,,,,,,
,,,,,,,,,,,,,,,,
,,,,,,,,,,,,,,,,
,,,,,,,,,,,,,,,,
,,,,,,,,,,,,,,,,
,,,,,,,,,,,,,,,,
,,,,,,,,,,,,,,,,
,,,,,,,,,,,,,,,,
,,,,,,,,,,,,,,,,
,,,,,,,,,,,,,,,,
,,,,,,,,,,,,,,,,
,,,,,,,,,,,,,,,,
,,,,,,,,,,,,,,,,
,,,,,,,,,,,,,,,,
,,,,,,,,,,,,,,,,
,,,,,,,,,,,,,,,,
,,,,,,,,,,,,,,,,
,,,,,,,,,,,,,,,,
,,,,,,,,,,,,,,,,
,,,,,,,,,,,,,,,,
,,,,,,,,,,,,,,,,
,,,,,,,,,,,,,,,,
,,,,,,,,,,,,,,,,
,,,,,,,,,,,,,,,,
,,,,,,,,,,,,,,,,
,,,,,,,,,,,,,,,,
,,,,,,,,,,,,,,,,
,,,,,,,,,,,,,,,,
,,,,,,,,,,,,,,,,
,,,,,,,,,,,,,,,,
,,,,,,,,,,,,,,,,
,,,,,,,,,,,,,,,,
,,,,,,,,,,,,,,,,
,,,,,,,,,,,,,,,,
,,,,,,,,,,,,,,,,
,,,,,,,,,,,,,,,,
,,,,,,,,,,,,,,,,
,,,,,,,,,,,,,,,,
,,,,,,,,,,,,,,,,
,,,,,,,,,,,,,,,,
,,,,,,,,,,,,,,,,
,,,,,,,,,,,,,,,,
,,,,,,,,,,,,,,,,
,,,,,,,,,,,,,,,,
,,,,,,,,,,,,,,,,
,,,,,,,,,,,,,,,,
,,,,,,,,,,,,,,,,
,,,,,,,,,,,,,,,,
,,,,,,,,,,,,,,,,
,,,,,,,,,,,,,,,,
,,,,,,,,,,,,,,,,
,,,,,,,,,,,,,,,,
,,,,,,,,,,,,,,,,
,,,,,,,,,,,,,,,,
,,,,,,,,,,,,,,,,
,,,,,,,,,,,,,,,,
,,,,,,,,,,,,,,,,
,,,,,,,,,,,,,,,,
,,,,,,,,,,,,,,,,
,,,,,,,,,,,,,,,,
,,,,,,,,,,,,,,,,
,,,,,,,,,,,,,,,,
,,,,,,,,,,,,,,,,
,,,,,,,,,,,,,,,,
,,,,,,,,,,,,,,,,
,,,,,,,,,,,,,,,,
,,,,,,,,,,,,,,,,
,,,,,,,,,,,,,,,,
,,,,,,,,,,,,,,,,
,,,,,,,,,,,,,,,,
,,,,,,,,,,,,,,,,
,,,,,,,,,,,,,,,,
,,,,,,,,,,,,,,,,
,,,,,,,,,,,,,,,,
,,,,,,,,,,,,,,,,
,,,,,,,,,,,,,,,,
,,,,,,,,,,,,,,,,
,,,,,,,,,,,,,,,,
,,,,,,,,,,,,,,,,
,,,,,,,,,,,,,,,,
,,,,,,,,,,,,,,,,
,,,,,,,,,,,,,,,,
,,,,,,,,,,,,,,,,
,,,,,,,,,,,,,,,,
,,,,,,,,,,,,,,,,
,,,,,,,,,,,,,,,,
,,,,,,,,,,,,,,,,
,,,,,,,,,,,,,,,,
,,,,,,,,,,,,,,,,
,,,,,,,,,,,,,,,,
,,,,,,,,,,,,,,,,
,,,,,,,,,,,,,,,,
,,,,,,,,,,,,,,,,
,,,,,,,,,,,,,,,,
,,,,,,,,,,,,,,,,
,,,,,,,,,,,,,,,,
,,,,,,,,,,,,,,,,
,,,,,,,,,,,,,,,,
,,,,,,,,,,,,,,,,
,,,,,,,,,,,,,,,,
,,,,,,,,,,,,,,,,
,,,,,,,,,,,,,,,,
,,,,,,,,,,,,,,,,
,,,,,,,,,,,,,,,,
,,,,,,,,,,,,,,,,
,,,,,,,,,,,,,,,,
,,,,,,,,,,,,,,,,
,,,,,,,,,,,,,,,,
,,,,,,,,,,,,,,,,
,,,,,,,,,,,,,,,,
,,,,,,,,,,,,,,,,
,,,,,,,,,,,,,,,,
,,,,,,,,,,,,,,,,
,,,,,,,,,,,,,,,,
,,,,,,,,,,,,,,,,
,,,,,,,,,,,,,,,,
